Marca temporal,Tipo de dato,Modo de ingreso,Monto,Tipo de gasto,Concepto,Monto,Foto de factura,Moneda,Monto,Moneda,Email Address,Acreedor,Concepto,Acreedor,Moneda,Monto,Foto de factura,Acreedor,Moneda,Monto,Deudor,Moneda,Monto,Deudor,Moneda,Monto,Column 21,Foto de factura,Cuentas por pagar,Monto,Column 7,Column 7,Column 7,Total Gastos USD ,Total Ingresos extras USD ,Total Deuda USD ,Total Pago deuda USD 
openrouter.ai/,Ingreso,,,,,,,USD,4000,,,,,,,,,,,,,,,,,,,,,,,,,"0,00","4000,00","0,00","0,00"
1/3/2026 10:54:19,Gasto,,,Insumos,Viveres,"46380,45",,,,Bs,,,,,,,,,,,,,,,,,,,,,,,,"110,43","0,00","0,00","0,00"
1/3/2026 10:56:41,Gasto,,,Proveedores,Agropecuraria,45293,,,,Bs,,,,,,,,,,,,,,,,,,,,,,,,"107,84","0,00","0,00","0,00"
1/3/2026 11:28:49,Gasto,,,Eduardo,Comida,21700,,,,Bs,,,,,,,,,,,,,,,,,,,,,,,,"51,67","0,00","0,00","0,00"
1/3/2026 11:43:45,Gasto,,,Insumos,Harina,"8013,16",,,,Bs,,,,,,,,,,,,,,,,,,,,,,,,"19,08","0,00","0,00","0,00"
2/3/2026 0:00:00,Gasto,,,Proveedores,,100,,,,Bs,,,,,,,,,,,,,,,,,,,,,,,,"0,24","0,00","0,00","0,00"
2/3/2026 0:00:00,Gasto,,,Proveedores,,400,,,,Bs,,,,,,,,,,,,,,,,,,,,,,,,"0,95","0,00","0,00","0,00"
3/3/2026 1:16:01,Gasto,,,Insumos,Mercancia negocio,"33833,35",,,,Bs,,,,,,,,,,,,,,,,,,,,,,,,"80,56","0,00","0,00","0,00"
3/3/2026 1:16:58,Gasto,,,Transporte empleados,Taxi  Ely,4000,,,,Bs,,,,,,,,,,,,,,,,,,,,,,,,"9,52","0,00","0,00","0,00"
3/3/2026 1:19:41,Gasto,,,Honorarios,Reunion chef empleados,25000,,,,Bs,,,,,,,,,,,,,,,,,,,,,,,,"59,53","0,00","0,00","0,00"
3/3/2026 1:20:54,Gasto,,,Eduardo,Carro,40000,,,,Bs,,,,,,,,,,,,,,,,,,,,,,,,"95,24","0,00","0,00","0,00"
3/3/2026 1:21:48,Gasto,,,Arcelia,Cena con familia,53000,,,,Bs,,,,,,,,,,,,,,,,,,,,,,,,"126,19","0,00","0,00","0,00"
3/3/2026 1:23:30,Gasto,,,Sueldos,Compra torta,10000,,,,Bs,,,,,,,,,,,,,,,,,,,,,,,,"23,81","0,00","0,00","0,00"
3/3/2026 1:24:15,Gasto,,,Sueldos,Neyla,50,,,,USD,,,,,,,,,,,,,,,,,,,,,,,,"50,00","0,00","0,00","0,00"
3/3/2026 1:24:49,Ingreso,,,,,,,USD,1000,,,,,,,,,,,,,,,,,,,,,,,,,"0,00","1000,00","0,00","0,00"
3/3/2026 2:36:13,Gasto,,,Insumos,Mercancia,"199117,13",,,,Bs,,,,,,,,,,,,,,,,,,,,,,,,"474,10","0,00","0,00","0,00"
3/3/2026 2:36:57,Gasto,,,Insumos,Mercancia,160,,,,USD,,,,,,,,,,,,,,,,,,,,,,,,"160,00","0,00","0,00","0,00"
3/3/2026 2:39:04,Gasto,,,Carlos,Gasolina ,6090,,,,Bs,,,,,,,,,,,,,,,,,,,,,,,,"14,50","0,00","0,00","0,00"
3/3/2026 2:40:38,Gasto,,,Sueldos,Zulay,20,,,,USD,,,,,,,,,,,,,,,,,,,,,,,,"20,00","0,00","0,00","0,00"
3/3/2026 2:41:21,Gasto,,,Insumos,Plasticos envases,31,,,,USD,,,,,,,,,,,,,,,,,,,,,,,,"31,00","0,00","0,00","0,00"
3/3/2026 2:42:08,Gasto,,,Sueldos,Reunión,12,,,,USD,,,,,,,,,,,,,,,,,,,,,,,,"12,00","0,00","0,00","0,00"
3/3/2026 2:42:58,Gasto,,,Transporte empleados,Estacionamiento,4,,,,USD,,,,,,,,,,,,,,,,,,,,,,,,"4,00","0,00","0,00","0,00"
3/3/2026 2:46:19,Gasto,,,Insumos,Pago polar,294787,,,,Bs,,,,,,,,,,,,,,,,,,,,,,,,"701,90","0,00","0,00","0,00"
3/3/2026 2:49:49,Gasto,,,Arcelia,Peluquería,32000,,,,Bs,,,,,,,,,,,,,,,,,,,,,,,,"76,19","0,00","0,00","0,00"
3/3/2026 2:50:18,Gasto,,,Arcelia,,600,,,,Bs,,,,,,,,,,,,,,,,,,,,,,,,"1,43","0,00","0,00","0,00"
3/3/2026 2:56:51,Gasto,,,Publicidad,Reunión,"3779,77",,,,Bs,,,,,,,,,,,,,,,,,,,,,,,,"9,00","0,00","0,00","0,00"
3/3/2026 3:01:26,Gasto,,,Sueldos,Personal,277000,,,,Bs,,,,,,,,,,,,,,,,,,,,,,,,"659,54","0,00","0,00","0,00"
3/3/2026 10:10:44,Gasto,,,Eduardo,General,40000,,,,Bs,,,,,,,,,,,,,,,,,,,,,,,,"94,81","0,00","0,00","0,00"
3/3/2026 10:11:15,Gasto,,,Sueldos,Priscila,3000,,,,Bs,,,,,,,,,,,,,,,,,,,,,,,,"7,11","0,00","0,00","0,00"
4/3/2026 11:34:34,Gasto,,,Sueldos,Priscila,3000,,,,Bs,,,,,,,,,,,,,,,,,,,,,,,,"7,05","0,00","0,00","0,00"
4/3/2026 11:44:42,Gasto,,,Sueldos,Andrés,3000,,,,Bs,,,,,,,,,,,,,,,,,,,,,,,,"7,05","0,00","0,00","0,00"
4/3/2026 11:45:41,Gasto,,,Arcelia,Veterinario,35000,,,,Bs,,,,,,,,,,,,,,,,,,,,,,,,"82,22","0,00","0,00","0,00"
4/3/2026 11:47:00,Gasto,,,Sueldos,Valentina liquidación,42000,,,,Bs,,,,,,,,,,,,,,,,,,,,,,,,"98,67","0,00","0,00","0,00"
4/3/2026 11:47:49,Gasto,,,Servicios,Fospuca,630000,,,,Bs,,,,,,,,,,,,,,,,,,,,,,,,"1480,01","0,00","0,00","0,00"
4/3/2026 11:49:05,Gasto,,,Sueldos,Ronald liquidación,100,,,,USD,,,,,,,,,,,,,,,,,,,,,,,,"100,00","0,00","0,00","0,00"
4/3/2026 11:53:36,Gasto,,,Insumos,Insumos,12588,,,,Bs,,,,,,,,,,,,,,,,,,,,,,,,"29,57","0,00","0,00","0,00"
4/3/2026 11:55:13,Gasto,,,Insumos,Viveres carnes,88547,,,,Bs,,,,,,,,,,,,,,,,,,,,,,,,"208,02","0,00","0,00","0,00"
4/3/2026 11:55:59,Gasto,,,Arcelia,Mercado casa,70,,,,USD,,,,,,,,,,,,,,,,,,,,,,,,"70,00","0,00","0,00","0,00"
4/3/2026 11:56:52,Gasto,,,Honorarios,,4500,,,,Bs,,,,,,,,,,,,,,,,,,,,,,,,"10,57","0,00","0,00","0,00"
4/3/2026 11:57:54,Gasto,,,Insumos,Carne,17724,,,,Bs,,,,,,,,,,,,,,,,,,,,,,,,"41,64","0,00","0,00","0,00"
4/3/2026 11:58:51,Gasto,,,Carlos,Estacionamiento,1200,,,,Bs,,,,,,,,,,,,,,,,,,,,,,,,"2,82","0,00","0,00","0,00"
4/3/2026 11:59:42,Gasto,,,Sueldos,Gabriel semana cancelada,43000,,,,Bs,,,,,,,,,,,,,,,,,,,,,,,,"101,02","0,00","0,00","0,00"
4/3/2026 12:02:00,Gasto,,,Publicidad,Reunión,4134,,,,Bs,,,,,,,,,,,,,,,,,,,,,,,,"9,71","0,00","0,00","0,00"
4/3/2026 12:02:48,Gasto,,,Arcelia,Compartir,8000,,,,Bs,,,,,,,,,,,,,,,,,,,,,,,,"18,79","0,00","0,00","0,00"
4/3/2026 23:20:16,Agregar deuda,,,,,,,,,,,Cashea,,,USD,80,,,,,,,,,,,,,,,,,,"0,00","0,00","80,00","0,00"
4/3/2026 23:20:57,Agregar deuda,,,,,,,,,,,Café chica,,,USD,73,,,,,,,,,,,,,,,,,,"0,00","0,00","73,00","0,00"
4/3/2026 23:21:24,Agregar deuda,,,,,,,,,,,Cafe Páramo,,,USD,210,,,,,,,,,,,,,,,,,,"0,00","0,00","210,00","0,00"
4/3/2026 23:21:24,Agregar deuda,,,,,,,,,,,Cafe Páramo,,,USD,210,,,,,,,,,,,,,,,,,,"0,00","0,00","210,00","0,00"
4/3/2026 23:21:59,Agregar deuda,,,,,,,,,,,Chicharron,,,USD,78,,,,,,,,,,,,,,,,,,"0,00","0,00","78,00","0,00"
4/3/2026 23:21:59,Agregar deuda,,,,,,,,,,,Chicharron,,,USD,78,,,,,,,,,,,,,,,,,,"0,00","0,00","78,00","0,00"
4/3/2026 23:22:20,Agregar deuda,,,,,,,,,,,China,,,USD,60,,,,,,,,,,,,,,,,,,"0,00","0,00","60,00","0,00"
4/3/2026 23:22:20,Agregar deuda,,,,,,,,,,,China,,,USD,60,,,,,,,,,,,,,,,,,,"0,00","0,00","60,00","0,00"
4/3/2026 23:22:42,Agregar deuda,,,,,,,,,,,Fine Delivery,,,USD,167,,,,,,,,,,,,,,,,,,"0,00","0,00","167,00","0,00"
4/3/2026 23:22:42,Agregar deuda,,,,,,,,,,,Fine Delivery,,,USD,167,,,,,,,,,,,,,,,,,,"0,00","0,00","167,00","0,00"
4/3/2026 23:23:08,Agregar deuda,,,,,,,,,,,Jose Taxi,,,USD,80,,,,,,,,,,,,,,,,,,"0,00","0,00","80,00","0,00"
4/3/2026 23:23:08,Agregar deuda,,,,,,,,,,,Jose Taxi,,,USD,80,,,,,,,,,,,,,,,,,,"0,00","0,00","80,00","0,00"
4/3/2026 23:23:39,Agregar deuda,,,,,,,,,,,Joselo Transporte,,,USD,650,,,,,,,,,,,,,,,,,,"0,00","0,00","650,00","0,00"
4/3/2026 23:24:10,Agregar deuda,,,,,,,,,,,Leche,,,USD,369,,,,,,,,,,,,,,,,,,"0,00","0,00","369,00","0,00"
4/3/2026 23:24:35,Agregar deuda,,,,,,,,,,,Masas para pasteles,,,USD,90,,,,,,,,,,,,,,,,,,"0,00","0,00","90,00","0,00"
4/3/2026 23:24:56,Agregar deuda,,,,,,,,,,,Pescaderia,,,USD,47,,,,,,,,,,,,,,,,,,"0,00","0,00","47,00","0,00"
4/3/2026 23:25:17,Agregar deuda,,,,,,,,,,,Polar,,,USD,550,,,,,,,,,,,,,,,,,,"0,00","0,00","550,00","0,00"
4/3/2026 23:25:40,Agregar deuda,,,,,,,,,,,Pulpas,,,USD,192,,,,,,,,,,,,,,,,,,"0,00","0,00","192,00","0,00"
4/3/2026 23:25:59,Agregar deuda,,,,,,,,,,,Queso ahumado,,,USD,110,,,,,,,,,,,,,,,,,,"0,00","0,00","110,00","0,00"
4/3/2026 23:26:39,Agregar deuda,,,,,,,,,,,Quedo Agropecuaria,,,USD,189,,,,,,,,,,,,,,,,,,"0,00","0,00","189,00","0,00"
4/3/2026 23:27:01,Agregar deuda,,,,,,,,,,,Queso Omar,,,USD,282,,,,,,,,,,,,,,,,,,"0,00","0,00","282,00","0,00"
4/3/2026 23:27:20,Agregar deuda,,,,,,,,,,,Tecnico Acero,,,USD,1200,,,,,,,,,,,,,,,,,,"0,00","0,00","1200,00","0,00"
4/3/2026 23:27:41,Agregar deuda,,,,,,,,,,,Xavy,,,USD,145,,,,,,,,,,,,,,,,,,"0,00","0,00","145,00","0,00"
4/3/2026 23:28:01,Agregar deuda,,,,,,,,,,,Contadora,,,USD,100,,,,,,,,,,,,,,,,,,"0,00","0,00","100,00","0,00"
4/3/2026 23:28:16,Agregar deuda,,,,,,,,,,,Seniat,,,USD,370,,,,,,,,,,,,,,,,,,"0,00","0,00","370,00","0,00"
4/3/2026 23:28:37,Agregar deuda,,,,,,,,,,,Fospuca,,,USD,1100,,,,,,,,,,,,,,,,,,"0,00","0,00","1100,00","0,00"
6/3/2026 0:00:00,Gasto,,,Proveedores,,12600,,,,Bs,,,,,,,,,,,,,,,,,,,,,,,,"29,44","0,00","0,00","0,00"
6/3/2026 0:41:26,Gasto,,,Sueldos,Cristian,21000,,,,Bs,,,,,,,,,,,,,,,,,,,,,,,,"49,07","0,00","0,00","0,00"
6/3/2026 0:42:53,Gasto,,,Sueldos,Zulay y Clever,25800,,,,Bs,,,,,,,,,,,,,,,,,,,,,,,,"60,29","0,00","0,00","0,00"
6/3/2026 0:43:35,Gasto,,,Insumos,Carnes e insumos,52161,,,,Bs,,,,,,,,,,,,,,,,,,,,,,,,"121,89","0,00","0,00","0,00"
6/3/2026 0:45:08,Gasto,,,Insumos,Hielo,2213,,,,Bs,,,,,,,,,,,,,,,,,,,,,,,,"5,17","0,00","0,00","0,00"
6/3/2026 0:45:55,Gasto,,,Eduardo,General,35000,,,,Bs,,,,,,,,,,,,,,,,,,,,,,,,"81,79","0,00","0,00","0,00"
6/3/2026 0:46:24,Cancelar deuda,,,,,,,,,,,,,,,,,Queso Omar,Bs,42500,,,,,,,,,,,,,,"0,00","0,00","0,00","99,32"
6/3/2026 0:48:04,Gasto,,,Servicios,Pega,6600,,,,Bs,,,,,,,,,,,,,,,,,,,,,,,,"15,42","0,00","0,00","0,00"
6/3/2026 0:49:08,Gasto,,,Arcelia,Taxi para ir a pagar seguro,1400,,,,Bs,,,,,,,,,,,,,,,,,,,,,,,,"3,27","0,00","0,00","0,00"
6/3/2026 0:49:48,Gasto,,,Articulos de limpieza,Cloro jabon lava platos,2874,,,,Bs,,,,,,,,,,,,,,,,,,,,,,,,"6,72","0,00","0,00","0,00"
6/3/2026 0:50:32,Gasto,,,Arcelia,Seguro ,68000,,,,Bs,,,,,,,,,,,,,,,,,,,,,,,,"158,90","0,00","0,00","0,00"
6/3/2026 0:51:11,Gasto,,,Transporte empleados,Neli,2200,,,,Bs,,,,,,,,,,,,,,,,,,,,,,,,"5,14","0,00","0,00","0,00"
6/3/2026 0:51:47,Gasto,,,Sueldos,Sueldo,10000,,,,Bs,,,,,,,,,,,,,,,,,,,,,,,,"23,37","0,00","0,00","0,00"
6/3/2026 0:52:19,Gasto,,,Arcelia,Taxi,2500,,,,Bs,,,,,,,,,,,,,,,,,,,,,,,,"5,84","0,00","0,00","0,00"
6/3/2026 0:53:08,Gasto,,,Honorarios,Almuerzo,6381,,,,Bs,,,,,,,,,,,,,,,,,,,,,,,,"14,91","0,00","0,00","0,00"
6/3/2026 0:54:04,Gasto,,,Transporte empleados,Taxi,3000,,,,Bs,,,,,,,,,,,,,,,,,,,,,,,,"7,01","0,00","0,00","0,00"
6/3/2026 0:59:29,Agregar deuda,,,,,,,,,,,Queso Omar,,,Bs,100,,,,,,,,,,,,,,,,,,"0,00","0,00","0,23","0,00"
8/3/2026 0:47:59,Gasto,,,Arcelia,Recarga,118,,,,Bs,,,,,,,,,,,,,,,,,,,,,,,,"0,27","0,00","0,00","0,00"
8/3/2026 0:49:04,Agregar credito,,,,,,,,,,,,,,,,,,,,Bolsa,USD,0,,,,,,,,,,,"0,00","0,00","0,00","0,00"
8/3/2026 0:50:26,Gasto,,,Eduardo,Viaje,20000,,,,Bs,,,,,,,,,,,,,,,,,,,,,,,,"46,17","0,00","0,00","0,00"
8/3/2026 0:52:02,Gasto,,,Sueldos,Jeniferŕ,25000,,,,Bs,,,,,,,,,,,,,,,,,,,,,,,,"57,71","0,00","0,00","0,00"
8/3/2026 0:53:22,Gasto,,,Casa,Recarga,2000,,,,Bs,,,,,,,,,,,,,,,,,,,,,,,,"4,62","0,00","0,00","0,00"
8/3/2026 9:56:56,Gasto,,,Servicios,Simple tv,37000,,,,Bs,,,,,,,,,,,,,,,,,,,,,,,,"85,42","0,00","0,00","0,00"
8/3/2026 9:58:45,Gasto,,,Sueldos,Priscila,4500,,,,Bs,,,,,,,,,,,,,,,,,,,,,,,,"10,39","0,00","0,00","0,00"
8/3/2026 10:00:19,Cancelar deuda,,,,,,,,,,,,,,,,,Leche,Bs,38520,,,,,,,,,,,,,,"0,00","0,00","0,00","88,93"
8/3/2026 10:01:39,Gasto,,,Insumos,Aceite,35400,,,,Bs,,,,,,,,,,,,,,,,,,,,,,,,"81,72","0,00","0,00","0,00"
8/3/2026 10:02:36,Gasto,,,Proveedores,Pago,39200,,,,Bs,,,,,,,,,,,,,,,,,,,,,,,,"90,50","0,00","0,00","0,00"
8/3/2026 10:05:12,Gasto,,,Insumos,Mercado coche,125000,,,,Bs,,,,,,,,,,,,,,,,,,,,,,,,"288,57","0,00","0,00","0,00"
8/3/2026 10:06:28,Cancelar deuda,,,,,,,,,,,,,,,,,Cafe San Antonio,Bs,21000,,,,,,,,,,,,,,"0,00","0,00","0,00","48,48"
8/3/2026 10:07:30,Gasto,,,Arcelia,Taxi,3515,,,,Bs,,,,,,,,,,,,,,,,,,,,,,,,"8,11","0,00","0,00","0,00"
8/3/2026 10:08:14,Gasto,,,Eduardo,Gastos,40009,,,,Bs,,,,,,,,,,,,,,,,,,,,,,,,"92,36","0,00","0,00","0,00"
8/3/2026 10:09:15,Gasto,,,Honorarios,,69000,,,,Bs,,,,,,,,,,,,,,,,,,,,,,,,"159,29","0,00","0,00","0,00"
8/3/2026 10:24:18,Cancelar deuda,,,,,,,,,,,,,,,,,Pulpas,Bs,42000,,,,,,,,,,,,,,"0,00","0,00","0,00","96,96"
8/3/2026 10:36:33,Gasto,,,Insumos,Compras supermercado,290000,,,,Bs,,,,,,,,,,,,,,,,,,,,,,,,"669,49","0,00","0,00","0,00"
8/3/2026 10:37:26,Gasto,,,Arcelia,Cena,10000,,,,Bs,,,,,,,,,,,,,,,,,,,,,,,,"23,09","0,00","0,00","0,00"
8/3/2026 10:37:59,Gasto,,,Insumos,Compra mercado,12000,,,,Bs,,,,,,,,,,,,,,,,,,,,,,,,"27,70","0,00","0,00","0,00"
8/3/2026 10:40:30,Gasto,,,Articulos de limpieza,Desinfectante cloro lavaplatos,12000,,,,Bs,,,,,,,,,,,,,,,,,,,,,,,,"27,70","0,00","0,00","0,00"
8/3/2026 10:41:41,Gasto,,,Arcelia,Compra,10000,,,,Bs,,,,,,,,,,,,,,,,,,,,,,,,"23,09","0,00","0,00","0,00"
8/3/2026 10:42:35,Gasto,,,Sueldos,Neli,50000,,,,Bs,,,,,,,,,,,,,,,,,,,,,,,,"115,43","0,00","0,00","0,00"
8/3/2026 10:54:29,Gasto,,,Insumos,Hielo,4000,,,,Bs,,,,,,,,,,,,,,,,,,,,,,,,"9,23","0,00","0,00","0,00"
8/3/2026 11:01:14,Gasto,,,Insumos,,114698,,,,Bs,,,,,,,,,,,,,,,,,,,,,,,,"264,79","0,00","0,00","0,00"
8/3/2026 11:01:57,Gasto,,,Eduardo,Viaje esuardo,29000,,,,Bs,,,,,,,,,,,,,,,,,,,,,,,,"66,95","0,00","0,00","0,00"
8/3/2026 11:03:08,Cancelar deuda,,,,,,,,,,,,,,,,,Queso Omar,Bs,24700,,,,,,,,,,,,,,"0,00","0,00","0,00","57,02"
8/3/2026 11:03:40,Gasto,,,Arcelia,Taxi,4500,,,,Bs,,,,,,,,,,,,,,,,,,,,,,,,"10,39","0,00","0,00","0,00"
8/3/2026 18:03:59,Agregar deuda,,,,,,,,,,,Cafe San Antonio,,,USD,210,,,,,,,,,,,,,,,,,,"0,00","0,00","210,00","0,00"
8/3/2026 18:03:59,,,,,,,,,,,,,,,,,,,,,,,,,,,,,,,,,,"0,00","0,00","0,00","0,00"
8/3/2026 18:03:59,,,,,,,,,,,,,,,,,,,,,,,,,,,,,,,,,,"0,00","0,00","0,00","0,00"
8/3/2026 18:03:59,,,,,,,,,,,,,,,,,,,,,,,,,,,,,,,,,,"0,00","0,00","0,00","0,00"
8/3/2026 18:03:59,Gasto,,,Honorarios,Reunión con personal,12000,,,,Bs,,,,,,,,,,,,,,,,,,,,,,,,"27,70","0,00","0,00","0,00"
8/3/2026 18:03:59,Gasto,,,Casa,Mercado,12000,,,,Bs,,,,,,,,,,,,,,,,,,,,,,,,"27,70","0,00","0,00","0,00"
8/3/2026 18:03:59,Gasto,,,Insumos, Carne,40500,,,,Bs,,,,,,,,,,,,,,,,,,,,,,,,"93,50","0,00","0,00","0,00"
8/3/2026 18:03:59,Cancelar deuda,,,,,,,,,,,,,,,,,Joselo Transporte,Bs,60000,,,,,,,,,,,,,,"0,00","0,00","0,00","138,51"
8/3/2026 18:03:59,Cancelar deuda,,,,,,,,,,,,,,,,,Jose Taxi,Bs,30000,,,,,,,,,,,,,,"0,00","0,00","0,00","69,26"
8/3/2026 18:03:59,Gasto,,,Servicios,Arreglo de extractor,25000,,,,Bs,,,,,,,,,,,,,,,,,,,,,,,,"57,71","0,00","0,00","0,00"
8/3/2026 18:03:59,Gasto,,,Honorarios,Músicos,45000,,,,Bs,,,,,,,,,,,,,,,,,,,,,,,,"103,89","0,00","0,00","0,00"
8/3/2026 18:03:59,Cancelar deuda,,,,,,,,,,,,,,,,,Queso Omar,Bs,45000,,,,,,,,,,,,,,"0,00","0,00","0,00","103,89"
8/3/2026 18:03:59,Gasto,,,Servicios,Cambio,5000,,,,Bs,,,,,,,,,,,,,,,,,,,,,,,,"11,54","0,00","0,00","0,00"
8/3/2026 18:03:59,Gasto,,,Sueldos,Sueidos,410000,,,,Bs,,,,,,,,,,,,,,,,,,,,,,,,"946,52","0,00","0,00","0,00"
8/3/2026 22:49:45,Gasto,,,Eduardo,Viaaje,80000,,,,Bs,,,,,,,,,,,,,,,,,,,,,,,,"184,69","0,00","0,00","0,00"
8/3/2026 22:52:17,Gasto,,,Alquiler,Apartamento para masas,400,,,,USD,,,,,,,,,,,,,,,,,,,,,,,,"400,00","0,00","0,00","0,00"
8/3/2026 23:16:51,Gasto,,,Impuestos,Ivss banavih,4500,,,,Bs,,,,,,,,,,,,,,,,,,,,,,,,"10,39","0,00","0,00","0,00"
9/3/2026 0:00:00,Gasto,,,Servicios,Reparacion internet,11200,,,,Bs,,,,,,,,,,,,,,,,,,,,,,,,"25,86","0,00","0,00","0,00"
9/3/2026 0:00:00,Gasto,,,Arcelia,Peluquería manos y pies,65000,,,,Bs,,,,,,,,,,,,,,,,,,,,,,,,"150,06","0,00","0,00","0,00"
9/3/2026 0:00:00,Gasto,,,Arcelia,Dulces,4200,,,,Bs,,,,,,,,,,,,,,,,,,,,,,,,"9,70","0,00","0,00","0,00"
9/3/2026 0:00:00,Gasto,,,Servicios,Compra ramplu cable,3750,,,,Bs,,,,,,,,,,,,,,,,,,,,,,,,"8,66","0,00","0,00","0,00"
9/3/2026 0:00:00,Gasto,,,Casa,Medicamentos Bengie,25000,,,,Bs,,,,,,,,,,,,,,,,,,,,,,,,"57,71","0,00","0,00","0,00"
9/3/2026 0:00:00,Cancelar deuda,,,,,,,,,,,,,,,,,Café chica,Bs,32487,,,,,,,,,,,,,,"0,00","0,00","0,00","75,00"
9/3/2026 0:00:00,Cancelar deuda,,,,,,,,,,,,,,,,,Cafe San Antonio,Bs,13000,,,,,,,,,,,,,,"0,00","0,00","0,00","30,01"
9/3/2026 0:00:00,Cancelar deuda,,,,,,,,,,,,,,,,,Polar,Bs,44427,,,,,,,,,,,,,,"0,00","0,00","0,00","102,56"
9/3/2026 0:00:00,Gasto,,,Insumos,,15950,,,,Bs,,,,,,,,,,,,,,,,,,,,,,,,"36,82","0,00","0,00","0,00"
9/3/2026 0:00:00,Gasto,,,Insumos,Pago insumos coca cola,5779,,,,Bs,,,,,,,,,,,,,,,,,,,,,,,,"13,34","0,00","0,00","0,00"
9/3/2026 0:00:00,Gasto,,,Arcelia,Bolsa,72500,,,,Bs,,,,,,,,,,,,,,,,,,,,,,,,"167,37","0,00","0,00","0,00"
9/3/2026 0:00:00,Gasto,,,Proveedores,,29000,,,,Bs,,,,,,,,,,,,,,,,,,,,,,,,"66,95","0,00","0,00","0,00"
9/3/2026 0:00:00,Gasto,,,Proveedores,,31000,,,,Bs,,,,,,,,,,,,,,,,,,,,,,,,"71,57","0,00","0,00","0,00"
9/3/2026 0:00:00,Gasto,,,Proveedores,,155000,,,,Bs,,,,,,,,,,,,,,,,,,,,,,,,"357,83","0,00","0,00","0,00"
9/3/2026 0:00:00,Gasto,,,Proveedores,,62000,,,,Bs,,,,,,,,,,,,,,,,,,,,,,,,"143,13","0,00","0,00","0,00"
9/3/2026 0:00:00,Gasto,,,Proveedores,,13500,,,,Bs,,,,,,,,,,,,,,,,,,,,,,,,"31,17","0,00","0,00","0,00"
9/3/2026 0:00:00,Gasto,,,Proveedores,,12200,,,,Bs,,,,,,,,,,,,,,,,,,,,,,,,"28,16","0,00","0,00","0,00"
9/3/2026 0:00:00,Gasto,,,Proveedores,,13500,,,,Bs,,,,,,,,,,,,,,,,,,,,,,,,"31,17","0,00","0,00","0,00"
9/3/2026 0:00:00,Gasto,,,Proveedores,,13000,,,,Bs,,,,,,,,,,,,,,,,,,,,,,,,"30,01","0,00","0,00","0,00"
9/3/2026 0:00:00,Gasto,,,Proveedores,,44427,,,,Bs,,,,,,,,,,,,,,,,,,,,,,,,"102,56","0,00","0,00","0,00"
9/3/2026 0:00:00,Gasto,,,Proveedores,,50000,,,,Bs,,,,,,,,,,,,,,,,,,,,,,,,"115,43","0,00","0,00","0,00"
9/3/2026 0:00:00,Gasto,,,Proveedores,,21000,,,,Bs,,,,,,,,,,,,,,,,,,,,,,,,"48,48","0,00","0,00","0,00"
9/3/2026 0:00:00,Gasto,,,Proveedores,,45000,,,,Bs,,,,,,,,,,,,,,,,,,,,,,,,"103,89","0,00","0,00","0,00"
9/3/2026 0:00:00,Gasto,,,Proveedores,,23900,,,,Bs,,,,,,,,,,,,,,,,,,,,,,,,"55,18","0,00","0,00","0,00"
9/3/2026 0:00:00,Gasto,,,Proveedores,,34700,,,,Bs,,,,,,,,,,,,,,,,,,,,,,,,"80,11","0,00","0,00","0,00"
9/3/2026 0:00:00,Gasto,,,Proveedores,,32487,,,,Bs,,,,,,,,,,,,,,,,,,,,,,,,"75,00","0,00","0,00","0,00"
9/3/2026 0:00:00,Gasto,,,Proveedores,,9000,,,,Bs,,,,,,,,,,,,,,,,,,,,,,,,"20,78","0,00","0,00","0,00"
10/3/2026 0:26:24,Gasto,,,Insumos,Granos,6887,,,,Bs,,,,,,,,,,,,,,,,,,,,,,,,"15,90","0,00","0,00","0,00"
10/3/2026 0:27:24,Gasto,,,Servicios,Cajetin electricidad,3000,,,,Bs,,,,,,,,,,,,,,,,,,,,,,,,"6,93","0,00","0,00","0,00"
10/3/2026 0:30:22,Gasto,,,Insumos,,11263,,,,Bs,,,,,,,,,,,,,,,,,,,,,,,,"26,00","0,00","0,00","0,00"
10/3/2026 0:32:32,Gasto,,,Insumos,Supermercado páramo,11825,,,,Bs,,,,,,,,,,,,,,,,,,,,,,,,"27,30","0,00","0,00","0,00"
10/3/2026 0:33:50,Gasto,,,Servicios,Intercable casa,20000,,,,Bs,,,,,,,,,,,,,,,,,,,,,,,,"46,17","0,00","0,00","0,00"
10/3/2026 0:34:59,Gasto,,,Arcelia,Comer rest,20000,,,,Bs,,,,,,,,,,,,,,,,,,,,,,,,"46,17","0,00","0,00","0,00"
10/3/2026 0:36:10,Gasto,,,Sueldos,Comida nocturna,18000,,,,Bs,,,,,,,,,,,,,,,,,,,,,,,,"41,55","0,00","0,00","0,00"
10/3/2026 0:37:04,Gasto,,,Eduardo,Viaje,26000,,,,Bs,,,,,,,,,,,,,,,,,,,,,,,,"60,02","0,00","0,00","0,00"
10/3/2026 0:37:53,Gasto,,,Eduardo,Gasolina,7000,,,,Bs,,,,,,,,,,,,,,,,,,,,,,,,"16,16","0,00","0,00","0,00"
10/3/2026 7:51:05,Gasto,,,Servicios,Intercable,20000,,,,Bs,,,,,,,,,,,,,,,,,,,,,,,,"45,85","0,00","0,00","0,00"
10/3/2026 22:27:15,Gasto,,,Insumos,Plasticos envases,45000,,,,Bs,,,,,,,,,,,,,,,,,,,,,,,,"103,15","0,00","0,00","0,00"
10/3/2026 22:31:32,Cancelar deuda,,,,,,,,,,,,,,,,,Joselo Transporte,Bs,30000,,,,,,,,,,,,,,"0,00","0,00","0,00","68,77"
10/3/2026 22:44:21,Cancelar deuda,,,,,,,,,,,,,,,,,Masas para pasteles,Bs,90000,,,,,,,,,,,,,,"0,00","0,00","0,00","206,31"
10/3/2026 22:45:57,Agregar deuda,,,,,,,,,,,Tecnico Acero,,,Bs,93000,,,,,,,,,,,,,,,,,,"0,00","0,00","213,18","0,00"
10/3/2026 22:48:30,Cancelar deuda,,,,,,,,,,,,,,,,,Queso Omar,Bs,44600,,,,,,,,,,,,,,"0,00","0,00","0,00","102,24"
10/3/2026 22:49:15,Gasto,,,Servicios,,15000,,,,Bs,,,,,,,,,,,,,,,,,,,,,,,,"34,38","0,00","0,00","0,00"
10/3/2026 22:55:23,Gasto,,,Insumos,Papeleria bolsas,38000,,,,Bs,,,,,,,,,,,,,,,,,,,,,,,,"87,11","0,00","0,00","0,00"
10/3/2026 22:56:53,Gasto,,,Insumos,Proteinas,50000,,,,Bs,,,,,,,,,,,,,,,,,,,,,,,,"114,62","0,00","0,00","0,00"
10/3/2026 22:58:31,Gasto,,,Insumos,Carne,86715,,,,Bs,,,,,,,,,,,,,,,,,,,,,,,,"198,78","0,00","0,00","0,00"
10/3/2026 22:59:32,Gasto,,,Insumos,Papeleria,27000,,,,Bs,,,,,,,,,,,,,,,,,,,,,,,,"61,89","0,00","0,00","0,00"
10/3/2026 23:01:40,Gasto,,,Insumos,Especiias,32095,,,,Bs,,,,,,,,,,,,,,,,,,,,,,,,"73,57","0,00","0,00","0,00"
10/3/2026 23:04:02,Gasto,,,Insumos,Aceite,10489,,,,Bs,,,,,,,,,,,,,,,,,,,,,,,,"24,04","0,00","0,00","0,00"
10/3/2026 23:05:34,Gasto,,,Insumos,Platos,10452,,,,Bs,,,,,,,,,,,,,,,,,,,,,,,,"23,96","0,00","0,00","0,00"
10/3/2026 23:06:51,Gasto,,,Servicios,Tornillos electricidad,8500,,,,Bs,,,,,,,,,,,,,,,,,,,,,,,,"19,48","0,00","0,00","0,00"
10/3/2026 23:09:11,Gasto,,,Servicios,Limpia vidrios,5000,,,,Bs,,,,,,,,,,,,,,,,,,,,,,,,"11,46","0,00","0,00","0,00"
10/3/2026 23:10:52,Gasto,,,Insumos,Sombreros tablas comisa ,36000,,,,Bs,,,,,,,,,,,,,,,,,,,,,,,,"82,52","0,00","0,00","0,00"
10/3/2026 23:11:59,Gasto,,,Eduardo,,30000,,,,Bs,,,,,,,,,,,,,,,,,,,,,,,,"68,77","0,00","0,00","0,00"
10/3/2026 23:13:31,Gasto,,,Carlos,Lava do carro y,8000,,,,Bs,,,,,,,,,,,,,,,,,,,,,,,,"18,34","0,00","0,00","0,00"
12/3/2026 0:07:17,Gasto,,,Publicidad,Reunion,16000,,,,Bs,,,,,,,,,,,,,,,,,,,,,,,,"36,51","0,00","0,00","0,00"
12/3/2026 0:09:03,Gasto,,,Insumos,Carne,12362,,,,Bs,,,,,,,,,,,,,,,,,,,,,,,,"28,21","0,00","0,00","0,00"
12/3/2026 0:10:04,Gasto,,,Servicios,Inter,24000,,,,Bs,,,,,,,,,,,,,,,,,,,,,,,,"54,77","0,00","0,00","0,00"
12/3/2026 0:11:02,Agregar credito,,,,,,,,,,,,,,,,,,,,Bolsa,USD,125,,,,,,,,,,,"0,00","0,00","0,00","0,00"
12/3/2026 0:32:26,Gasto,,,Insumos,Pollo,19000,,,,Bs,,,,,,,,,,,,,,,,,,,,,,,,"43,36","0,00","0,00","0,00"
12/3/2026 0:33:04,Gasto,,,Insumos,Aceite,48000,,,,Bs,,,,,,,,,,,,,,,,,,,,,,,,"109,54","0,00","0,00","0,00"
12/3/2026 14:52:13,Gasto,,,Alquiler,Local B,1200,,,,USD,,,,,,,,,,,,,,,,,,,,,,,,"1200,00","0,00","0,00","0,00"
12/3/2026 23:43:48,Gasto,,,Servicios,Delivery,51490,,,,Bs,,,,,,,,,,,,,,,,,,,,,,,,"116,77","0,00","0,00","0,00"
12/3/2026 23:45:15,Gasto,,,Insumos,Supermercado páramo,114950,,,,Bs,,,,,,,,,,,,,,,,,,,,,,,,"260,68","0,00","0,00","0,00"
12/3/2026 23:46:37,Gasto,,,Sueldos,Edgar y Jenni,150,,,,USD,,,,,,,,,,,,,,,,,,,,,,,,"150,00","0,00","0,00","0,00"
12/3/2026 23:47:46,Gasto,,,Sueldos,Pago Gabriel,9000,,,,Bs,,,,,,,,,,,,,,,,,,,,,,,,"20,41","0,00","0,00","0,00"
12/3/2026 23:59:49,Gasto,,,Insumos,Mercado,142000,,,,Bs,,,,,,,,,,,,,,,,,,,,,,,,"322,02","0,00","0,00","0,00"
13/3/2026 0:01:07,Gasto,,,Transporte empleados,Trabsporte empleados y mercado,38000,,,,Bs,,,,,,,,,,,,,,,,,,,,,,,,"86,17","0,00","0,00","0,00"
13/3/2026 0:02:24,Cancelar deuda,,,,,,,,,,,,,,,,,Queso Omar,Bs,24000,,,,,,,,,,,,,,"0,00","0,00","0,00","54,43"
13/3/2026 0:03:22,Gasto,,,Servicios,Compra tornillos,1900,,,,Bs,,,,,,,,,,,,,,,,,,,,,,,,"4,31","0,00","0,00","0,00"
13/3/2026 0:04:50,Gasto,,,Sueldos,Nelkis,27000,,,,Bs,,,,,,,,,,,,,,,,,,,,,,,,"61,23","0,00","0,00","0,00"
13/3/2026 0:06:11,Gasto,,,Publicidad,Reunion,12000,,,,Bs,,,,,,,,,,,,,,,,,,,,,,,,"27,21","0,00","0,00","0,00"
13/3/2026 0:07:24,Gasto,,,Servicios,Xetux,80,,,,USD,,,,,,,,,,,,,,,,,,,,,,,,"80,00","0,00","0,00","0,00"
13/3/2026 0:08:37,Gasto,,,Publicidad,Reunion con el cheff,10000,,,,Bs,,,,,,,,,,,,,,,,,,,,,,,,"22,68","0,00","0,00","0,00"
13/3/2026 0:09:27,Gasto,,,Sueldos,Melk8s,10500,,,,Bs,,,,,,,,,,,,,,,,,,,,,,,,"23,81","0,00","0,00","0,00"
15/3/2026 0:23:47,Gasto,,,Servicios,,51490,,,,Bs,,,,,,,,,,,,,,,,,,,,,,,,"115,24","0,00","0,00","0,00"
15/3/2026 0:27:13,Gasto,,,Insumos,Hielo carne ,91000,,,,Bs,,,,,,,,,,,,,,,,,,,,,,,,"203,67","0,00","0,00","0,00"
15/3/2026 10:17:10,Gasto,,,Insumos,Supermercado páramo carne y víveres,190273,,,,Bs,,,,,,,,,,,,,,,,,,,,,,,,"425,85","0,00","0,00","0,00"
15/3/2026 10:18:27,Cancelar deuda,,,,,,,,,,,,,,,,,Queso ahumado,Bs,50000,,,,,,,,,,,,,,"0,00","0,00","0,00","111,91"
15/3/2026 10:19:07,Gasto,,,Insumos,Supermercado páramo,8458,,,,Bs,,,,,,,,,,,,,,,,,,,,,,,,"18,93","0,00","0,00","0,00"
15/3/2026 10:19:50,Cancelar deuda,,,,,,,,,,,,,,,,,Chicharron,Bs,36000,,,,,,,,,,,,,,"0,00","0,00","0,00","80,57"
15/3/2026 10:20:21,Gasto,,,Sueldos,Pago Danilo,39000,,,,Bs,,,,,,,,,,,,,,,,,,,,,,,,"87,29","0,00","0,00","0,00"
15/3/2026 10:24:05,Gasto,,,Insumos,Verduras,18000,,,,Bs,,,,,,,,,,,,,,,,,,,,,,,,"40,29","0,00","0,00","0,00"
15/3/2026 10:24:47,Gasto,,,Insumos,Ajo,24000,,,,Bs,,,,,,,,,,,,,,,,,,,,,,,,"53,71","0,00","0,00","0,00"
15/3/2026 10:26:54,Gasto,,,Servicios,Servicios,24000,,,,Bs,,,,,,,,,,,,,,,,,,,,,,,,"53,71","0,00","0,00","0,00"
15/3/2026 10:27:56,Gasto,,,Insumos,Viveres,29649,,,,Bs,,,,,,,,,,,,,,,,,,,,,,,,"66,36","0,00","0,00","0,00"
15/3/2026 10:28:58,Cancelar deuda,,,,,,,,,,,,,,,,,Xavy,Bs,169606,,,,,,,,,,,,,,"0,00","0,00","0,00","379,60"
15/3/2026 10:29:44,Gasto,,,Insumos,Vinagre,33278,,,,Bs,,,,,,,,,,,,,,,,,,,,,,,,"74,48","0,00","0,00","0,00"
15/3/2026 10:31:44,Gasto,,,Arcelia,Compra pantalon y camisa,28800,,,,Bs,,,,,,,,,,,,,,,,,,,,,,,,"64,46","0,00","0,00","0,00"
15/3/2026 10:32:29,Gasto,,,Eduardo,Gastos,80000,,,,Bs,,,,,,,,,,,,,,,,,,,,,,,,"179,05","0,00","0,00","0,00"
15/3/2026 10:33:16,Gasto,,,Servicios,Amolar cuchillos,4500,,,,Bs,,,,,,,,,,,,,,,,,,,,,,,,"10,07","0,00","0,00","0,00"
15/3/2026 10:50:48,Gasto,,,Insumos,Supermercado páramo carne y víveres,28690,,,,Bs,,,,,,,,,,,,,,,,,,,,,,,,"64,21","0,00","0,00","0,00"
15/3/2026 10:51:55,Gasto,,,Honorarios,Musicos,24000,,,,Bs,,,,,,,,,,,,,,,,,,,,,,,,"53,71","0,00","0,00","0,00"
15/3/2026 10:52:59,Gasto,,,Arcelia,Gastos reuniones,7590,,,,Bs,,,,,,,,,,,,,,,,,,,,,,,,"16,99","0,00","0,00","0,00"
15/3/2026 10:54:08,Gasto,,,Honorarios,Xetux,52000,,,,Bs,,,,,,,,,,,,,,,,,,,,,,,,"116,38","0,00","0,00","0,00"
15/3/2026 10:54:49,Gasto,,,Sueldos,Cheff asesoria,100,,,,USD,,,,,,,,,,,,,,,,,,,,,,,,"100,00","0,00","0,00","0,00"
15/3/2026 10:55:35,Gasto,,,Alquiler,Local andino,1000,,,,Bs,,,,,,,,,,,,,,,,,,,,,,,,"2,24","0,00","0,00","0,00"
15/3/2026 10:56:34,Gasto,,,Sueldos,Neli,45000,,,,Bs,,,,,,,,,,,,,,,,,,,,,,,,"100,72","0,00","0,00","0,00"
15/3/2026 10:57:34,Cancelar deuda,,,,,,,,,,,,,,,,,Cashea,Bs,41000,,,,,,,,,,,,,,"0,00","0,00","0,00","91,76"
15/3/2026 10:58:16,Gasto,,,Articulos de limpieza,Productos limpieza,6000,,,,Bs,,,,,,,,,,,,,,,,,,,,,,,,"13,43","0,00","0,00","0,00"
15/3/2026 10:59:01,Cancelar deuda,,,,,,,,,,,,,,,,,Queso Omar,Bs,45000,,,,,,,,,,,,,,"0,00","0,00","0,00","100,72"
15/3/2026 11:01:59,Cancelar deuda,,,,,,,,,,,,,,,,,Masas para pasteles,Bs,64200,,,,,,,,,,,,,,"0,00","0,00","0,00","143,69"
15/3/2026 11:03:04,Gasto,,,Servicios,Serv tornillo y arandelas cocina,4500,,,,Bs,,,,,,,,,,,,,,,,,,,,,,,,"10,07","0,00","0,00","0,00"
15/3/2026 11:03:56,Cancelar deuda,,,,,,,,,,,,,,,,,Fine Delivery,Bs,15312,,,,,,,,,,,,,,"0,00","0,00","0,00","34,27"
15/3/2026 11:04:32,Gasto,,,Servicios,Llave agua,2500,,,,Bs,,,,,,,,,,,,,,,,,,,,,,,,"5,60","0,00","0,00","0,00"
15/3/2026 11:05:31,Gasto,,,Sueldos,Dias pendientes,32000,,,,Bs,,,,,,,,,,,,,,,,,,,,,,,,"71,62","0,00","0,00","0,00"
15/3/2026 11:06:35,Gasto,,,Casa,Pescado,23000,,,,Bs,,,,,,,,,,,,,,,,,,,,,,,,"51,48","0,00","0,00","0,00"
15/3/2026 11:08:08,Gasto,,,Sueldos,Anita,50000,,,,Bs,,,,,,,,,,,,,,,,,,,,,,,,"111,91","0,00","0,00","0,00"
15/3/2026 13:48:55,Gasto,,,Insumos,Compra pan,1400,,,,Bs,,,,,,,,,,,,,,,,,,,,,,,,"3,13","0,00","0,00","0,00"
15/3/2026 14:17:57,Gasto,,,Insumos,Espaguettis maiz,2654,,,,Bs,,,,,,,,,,,,,,,,,,,,,,,,"5,94","0,00","0,00","0,00"
15/3/2026 14:18:38,Gasto,,,Sueldos,Ronald liquidación,51000,,,,Bs,,,,,,,,,,,,,,,,,,,,,,,,"114,14","0,00","0,00","0,00"
16/3/2026 22:24:01,Gasto,,,Sueldos,Zulay,9000,,,,Bs,,,,,,,,,,,,,,,,,,,,,,,,"20,14","0,00","0,00","0,00"
16/3/2026 22:24:31,Gasto,,,Sueldos,Sueldo Cheff,44000,,,,Bs,,,,,,,,,,,,,,,,,,,,,,,,"98,48","0,00","0,00","0,00"
16/3/2026 22:25:18,Gasto,,,Insumos,Plasticos envases,44000,,,,Bs,,,,,,,,,,,,,,,,,,,,,,,,"98,48","0,00","0,00","0,00"
16/3/2026 22:27:18,Gasto,,,Sueldos,Sueldo Neyda,85000,,,,Bs,,,,,,,,,,,,,,,,,,,,,,,,"190,24","0,00","0,00","0,00"
16/3/2026 22:30:55,Cancelar deuda,,,,,,,,,,,,,,,,,Polar,Bs,281000,,,,,,,,,,,,,,"0,00","0,00","0,00","628,91"
16/3/2026 22:32:09,Gasto,,,Honorarios,Honorarios Adriana,22000,,,,Bs,,,,,,,,,,,,,,,,,,,,,,,,"49,24","0,00","0,00","0,00"
16/3/2026 22:35:52,Gasto,,,Insumos,"Pollo, embutidos, quesos",137398,,,,Bs,,,,,,,,,,,,,,,,,,,,,,,,"307,51","0,00","0,00","0,00"
16/3/2026 22:36:50,Gasto,,,Servicios,Flete st Garcia,10000,,,,Bs,,,,,,,,,,,,,,,,,,,,,,,,"22,38","0,00","0,00","0,00"
16/3/2026 22:41:28,Gasto,,,Insumos,Especias ,27477,,,,Bs,,,,,,,,,,,,,,,,,,,,,,,,"61,50","0,00","0,00","0,00"
16/3/2026 22:46:02,Gasto,,,Insumos,Papeleria,61500,,,,Bs,,,,,,,,,,,,,,,,,,,,,,,,"137,64","0,00","0,00","0,00"
16/3/2026 22:49:02,Gasto,,,Insumos,Papel antigrasa,4900,,,,Bs,,,,,,,,,,,,,,,,,,,,,,,,"10,97","0,00","0,00","0,00"
16/3/2026 22:51:53,Gasto,,,Arcelia,Dulces reunion,8700,,,,Bs,,,,,,,,,,,,,,,,,,,,,,,,"19,47","0,00","0,00","0,00"
16/3/2026 22:53:02,Cancelar deuda,,,,,,,,,,,,,,,,,Joselo Transporte,Bs,60000,,,,,,,,,,,,,,"0,00","0,00","0,00","134,29"
16/3/2026 22:54:34,Gasto,,,Insumos,Papel antigrasa,81000,,,,Bs,,,,,,,,,,,,,,,,,,,,,,,,"181,29","0,00","0,00","0,00"
16/3/2026 22:56:09,Gasto,,,Insumos,Leche y hielo,13638,,,,Bs,,,,,,,,,,,,,,,,,,,,,,,,"30,52","0,00","0,00","0,00"
16/3/2026 22:57:51,Gasto,,,Eduardo,Seguro HCM,34000,,,,Bs,,,,,,,,,,,,,,,,,,,,,,,,"76,10","0,00","0,00","0,00"
16/3/2026 23:00:41,Gasto,,,Sueldos,,4800,,,,Bs,,,,,,,,,,,,,,,,,,,,,,,,"10,74","0,00","0,00","0,00"
17/3/2026 23:38:28,Gasto,,,Insumos,Viveres carnes,76010,,,,Bs,,,,,,,,,,,,,,,,,,,,,,,,"169,53","0,00","0,00","0,00"
17/3/2026 23:39:27,Gasto,,,Insumos,Aceite,41000,,,,Bs,,,,,,,,,,,,,,,,,,,,,,,,"91,44","0,00","0,00","0,00"
17/3/2026 23:40:09,Gasto,,,Sueldos,Trabajos extras alejandro servicios,4500,,,,Bs,,,,,,,,,,,,,,,,,,,,,,,,"10,04","0,00","0,00","0,00"
17/3/2026 23:41:03,Gasto,,,Arcelia,Medi amentos,6000,,,,Bs,,,,,,,,,,,,,,,,,,,,,,,,"13,38","0,00","0,00","0,00"
17/3/2026 23:41:58,Gasto,,,Servicios,Pago  trabajos campana,6300,,,,Bs,,,,,,,,,,,,,,,,,,,,,,,,"14,05","0,00","0,00","0,00"
17/3/2026 23:42:36,Gasto,,,Servicios,Compra pintura,15000,,,,Bs,,,,,,,,,,,,,,,,,,,,,,,,"33,45","0,00","0,00","0,00"
17/3/2026 23:43:23,Gasto,,,Casa,Copra carne,7000,,,,Bs,,,,,,,,,,,,,,,,,,,,,,,,"15,61","0,00","0,00","0,00"
17/3/2026 23:44:00,Gasto,,,Sueldos,Valentina,10000,,,,Bs,,,,,,,,,,,,,,,,,,,,,,,,"22,30","0,00","0,00","0,00"
17/3/2026 23:44:43,Gasto,,,Insumos,Comra de vino blanco,4500,,,,Bs,,,,,,,,,,,,,,,,,,,,,,,,"10,04","0,00","0,00","0,00"
17/3/2026 23:45:37,Gasto,,,Carlos,Xetux,51500,,,,Bs,,,,,,,,,,,,,,,,,,,,,,,,"114,86","0,00","0,00","0,00"
17/3/2026 23:46:27,Gasto,,,Arcelia,Pago de bolso,75000,,,,Bs,,,,,,,,,,,,,,,,,,,,,,,,"167,27","0,00","0,00","0,00"
17/3/2026 23:47:09,Cancelar deuda,,,,,,,,,,,,,,,,,Café chica,Bs,33500,,,,,,,,,,,,,,"0,00","0,00","0,00","74,72"
17/3/2026 23:48:06,Cancelar deuda,,,,,,,,,,,,,,,,,Joselo Transporte,Bs,25000,,,,,,,,,,,,,,"0,00","0,00","0,00","55,76"
18/3/2026 23:23:37,Gasto,,,Sueldos,Zulay,12500,,,,Bs,,,,,,,,,,,,,,,,,,,,,,,,"27,69","0,00","0,00","0,00"
18/3/2026 23:24:22,Gasto,,,Honorarios,Pago asesoria barista,19000,,,,Bs,,,,,,,,,,,,,,,,,,,,,,,,"42,08","0,00","0,00","0,00"
18/3/2026 23:25:09,Gasto,,,Alquiler,Pago serv apto de andino,2715,,,,Bs,,,,,,,,,,,,,,,,,,,,,,,,"6,01","0,00","0,00","0,00"
18/3/2026 23:25:49,Gasto,,,Insumos,Pago   arne le he hielo,34740,,,,Bs,,,,,,,,,,,,,,,,,,,,,,,,"76,94","0,00","0,00","0,00"
18/3/2026 23:26:39,Gasto,,,Insumos,"Supermercado páramo, verduras y coche",1700,,,,Bs,,,,,,,,,,,,,,,,,,,,,,,,"3,77","0,00","0,00","0,00"
18/3/2026 23:27:16,Gasto,,,Insumos,Compra se panza,17130,,,,Bs,,,,,,,,,,,,,,,,,,,,,,,,"37,94","0,00","0,00","0,00"
18/3/2026 23:28:06,Gasto,,,Servicios,Pago  cadenas y tornillos,6000,,,,Bs,,,,,,,,,,,,,,,,,,,,,,,,"13,29","0,00","0,00","0,00"
18/3/2026 23:28:58,Gasto,,,Articulos de limpieza,Compra  lavaplatos,3048,,,,Bs,,,,,,,,,,,,,,,,,,,,,,,,"6,75","0,00","0,00","0,00"
18/3/2026 23:29:32,Gasto,,,Eduardo,Comida,21000,,,,Bs,,,,,,,,,,,,,,,,,,,,,,,,"46,51","0,00","0,00","0,00"
18/3/2026 23:30:34,Cancelar deuda,,,,,,,,,,,,,,,,,Cashea,Bs,22000,,,,,,,,,,,,,,"0,00","0,00","0,00","48,73"
19/3/2026 9:19:30,Cancelar deuda,,,,,,,,,,,,,,,,,Pulpas,Bs,50000,,,,,,,,,,,,,,"0,00","0,00","0,00","109,83"
19/3/2026 23:52:47,Gasto,,,Alquiler,Alquiler  local Andino,200,,,,USD,,,,,,,,,,,,,,,,,,,,,,,,"200,00","0,00","0,00","0,00"
19/3/2026 23:53:26,Gasto,,,Sueldos,Examentomografia Gabriel,100,,,,USD,,,,,,,,,,,,,,,,,,,,,,,,"100,00","0,00","0,00","0,00"
19/3/2026 23:54:42,Gasto,,,Arcelia,Reunion,4000,,,,Bs,,,,,,,,,,,,,,,,,,,,,,,,"8,79","0,00","0,00","0,00"
19/3/2026 23:55:48,Gasto,,,Sueldos,Pago Andres,10000,,,,Bs,,,,,,,,,,,,,,,,,,,,,,,,"21,97","0,00","0,00","0,00"
19/3/2026 23:58:04,Gasto,,,Insumos,Mercado coche,240000,,,,Bs,,,,,,,,,,,,,,,,,,,,,,,,"527,18","0,00","0,00","0,00"
19/3/2026 23:59:10,Cancelar deuda,,,,,,,,,,,,,,,,,Leche,Bs,45000,,,,,,,,,,,,,,"0,00","0,00","0,00","98,85"
20/3/2026 0:00:45,Cancelar deuda,,,,,,,,,,,,,,,,,Joselo Transporte,Bs,30000,,,,,,,,,,,,,,"0,00","0,00","0,00","65,90"
20/3/2026 0:02:09,Gasto,,,Servicios,Pega y pintura,6000,,,,Bs,,,,,,,,,,,,,,,,,,,,,,,,"13,18","0,00","0,00","0,00"
20/3/2026 17:45:31,Gasto,,,Eduardo,Chinchin,"549,27",,,,USD,,,,,,,,,,,,,,,,,,,,,,,,"549,27","0,00","0,00","0,00"
21/3/2026 21:29:32,Gasto,,,Carlos,Cumple carlos,67000,,,,Bs,,,,,,,,,,,,,,,,,,,,,,,,"146,58","0,00","0,00","0,00"
21/3/2026 21:30:14,Gasto,,,Insumos,Envasese pmasticos,48617,,,,Bs,,,,,,,,,,,,,,,,,,,,,,,,"106,37","0,00","0,00","0,00"
21/3/2026 21:34:12,Gasto,,,Arcelia,Taxi  ,4093,,,,Bs,,,,,,,,,,,,,,,,,,,,,,,,"8,95","0,00","0,00","0,00"
21/3/2026 21:34:38,Cancelar deuda,,,,,,,,,,,,,,,,,Jose Taxi,Bs,16000,,,,,,,,,,,,,,"0,00","0,00","0,00","35,01"
21/3/2026 21:36:37,Gasto,,,Insumos,Plasticos envases,20254,,,,Bs,,,,,,,,,,,,,,,,,,,,,,,,"44,31","0,00","0,00","0,00"
21/3/2026 21:38:46,Gasto,,,Insumos,Viveres,226915,,,,Bs,,,,,,,,,,,,,,,,,,,,,,,,"496,45","0,00","0,00","0,00"
21/3/2026 21:39:33,Gasto,,,Insumos,Viveres,6141,,,,Bs,,,,,,,,,,,,,,,,,,,,,,,,"13,44","0,00","0,00","0,00"
21/3/2026 22:56:32,Gasto,,,Alquiler,Alquiler Andino Pop,100,,,,USD,,,,,,,,,,,,,,,,,,,,,,,,"100,00","0,00","0,00","0,00"
21/3/2026 22:57:12,Cancelar deuda,,,,,,,,,,,,,,,,,Joselo Transporte,Bs,13000,,,,,,,,,,,,,,"0,00","0,00","0,00","28,44"
21/3/2026 22:57:51,Gasto,,,Sueldos,Sueldo Ana,20000,,,,Bs,,,,,,,,,,,,,,,,,,,,,,,,"43,76","0,00","0,00","0,00"
21/3/2026 22:59:00,Gasto,,,Articulos de limpieza,Lavaplatos,6000,,,,Bs,,,,,,,,,,,,,,,,,,,,,,,,"13,13","0,00","0,00","0,00"
21/3/2026 22:59:36,Gasto,,,Sueldos,Sueldo  heff,30000,,,,Bs,,,,,,,,,,,,,,,,,,,,,,,,"65,63","0,00","0,00","0,00"
21/3/2026 23:00:28,Gasto,,,Honorarios,Musicos,26600,,,,Bs,,,,,,,,,,,,,,,,,,,,,,,,"58,20","0,00","0,00","0,00"
21/3/2026 23:01:34,Gasto,,,Sueldos,Sueldo angel empleado,20000,,,,Bs,,,,,,,,,,,,,,,,,,,,,,,,"43,76","0,00","0,00","0,00"
21/3/2026 23:02:24,Gasto,,,Arcelia,Cafe arcelia,5345,,,,Bs,,,,,,,,,,,,,,,,,,,,,,,,"11,69","0,00","0,00","0,00"
22/3/2026 23:30:16,Gasto,,,Insumos,Supermercado páramo carne y víveres,1930,,,,Bs,,,,,,,,,,,,,,,,,,,,,,,,"4,22","0,00","0,00","0,00"
22/3/2026 23:30:48,Gasto,,,Insumos,Mercado,3374,,,,Bs,,,,,,,,,,,,,,,,,,,,,,,,"7,38","0,00","0,00","0,00"
22/3/2026 23:31:19,Cancelar deuda,,,,,,,,,,,,,,,,,Joselo Transporte,Bs,30000,,,,,,,,,,,,,,"0,00","0,00","0,00","65,63"
22/3/2026 23:31:50,Cancelar deuda,,,,,,,,,,,,,,,,,Cashea,Bs,43000,,,,,,,,,,,,,,"0,00","0,00","0,00","94,08"
22/3/2026 23:33:02,Cancelar deuda,,,,,,,,,,,,,,,,,Tecnico Acero,USD,50,,,,,,,,,,,,,,"0,00","0,00","0,00","50,00"
22/3/2026 23:33:43,Gasto,,,Sueldos,Ronald Zulay Anita Danilo,320,,,,USD,,,,,,,,,,,,,,,,,,,,,,,,"320,00","0,00","0,00","0,00"
22/3/2026 23:34:30,Gasto,,,Insumos,Verduras cebollin,29000,,,,Bs,,,,,,,,,,,,,,,,,,,,,,,,"63,45","0,00","0,00","0,00"
22/3/2026 23:35:12,Gasto,,,Eduardo,General,65,,,,USD,,,,,,,,,,,,,,,,,,,,,,,,"65,00","0,00","0,00","0,00"
22/3/2026 23:37:38,Gasto,,,Sueldos,Sueldo nelkis y miriam,40000,,,,Bs,,,,,,,,,,,,,,,,,,,,,,,,"87,51","0,00","0,00","0,00"
22/3/2026 23:38:29,Gasto,,,Honorarios,Pago dos musicos   ada uno / 30$,60,,,,Bs,,,,,,,,,,,,,,,,,,,,,,,,"0,13","0,00","0,00","0,00"
22/3/2026 23:39:22,Gasto,,,Insumos,Supermercado páramo carne y víveres,11500,,,,Bs,,,,,,,,,,,,,,,,,,,,,,,,"25,16","0,00","0,00","0,00"
22/3/2026 23:40:20,Gasto,,,Insumos,Leche,20135,,,,Bs,,,,,,,,,,,,,,,,,,,,,,,,"44,05","0,00","0,00","0,00"
22/3/2026 23:41:08,Gasto,,,Insumos,Cafe arcelia y belkis,3800,,,,Bs,,,,,,,,,,,,,,,,,,,,,,,,"8,31","0,00","0,00","0,00"
22/3/2026 23:51:56,Gasto,,,Sueldos,Sueldo luis,30000,,,,Bs,,,,,,,,,,,,,,,,,,,,,,,,"65,63","0,00","0,00","0,00"
22/3/2026 23:53:10,Cancelar deuda,,,,,,,,,,,,,,,,,Xavy,Bs,52000,,,,,,,,,,,,,,"0,00","0,00","0,00","113,77"
23/3/2026 0:00:00,Gasto,,,Eduardo,Comida,28000,,,,Bs,,,,,,,,,,,,,,,,,,,,,,,,"61,25899933",0,0,0
23/3/2026 0:00:00,Gasto,,,Insumos,Envases y utensilios jarras,98200,,,,Bs,,,,,,,,,,,,,,,,,,,,,,,,"214,8440619",0,0,0
23/3/2026 0:00:00,Gasto,,,Publicidad,Etiquetas andino pop,36800,,,,Bs,,,,,,,,,,,,,,,,,,,,,,,,"80,51182769",0,0,0
23/3/2026 0:00:00,Gasto,,,Insumos,Ajo ,7400,,,,Bs,,,,,,,,,,,,,,,,,,,,,,,,"16,18987839",0,0,0
23/3/2026 0:00:00,Cancelar deuda,,,,,,,,,,,,,,,,,Masas para pasteles,USD,48,,,,,,,,,,,,,,0,0,0,48
23/3/2026 0:00:00,Gasto,,,Sueldos,Cristian ,30000,,,,Bs,,,,,,,,,,,,,,,,,,,,,,,,"65,63464214",0,0,0
23/3/2026 0:00:00,Gasto,,,Sueldos,Danilo,24000,,,,Bs,,,,,,,,,,,,,,,,,,,,,,,,"52,50771371",0,0,0
23/3/2026 0:00:00,Gasto,,,Sueldos,Andres,20000,,,,Bs,,,,,,,,,,,,,,,,,,,,,,,,"43,75642809",0,0,0
23/3/2026 0:00:00,Gasto,,,Sueldos,Jhon,33000,,,,Bs,,,,,,,,,,,,,,,,,,,,,,,,"72,19810635",0,0,0
23/3/2026 0:00:00,Gasto,,,Sueldos,Jhon,27000,,,,Bs,,,,,,,,,,,,,,,,,,,,,,,,"59,07117793",0,0,0
23/3/2026 0:00:00,Gasto,,,Sueldos,Uniformes,18800,,,,Bs,,,,,,,,,,,,,,,,,,,,,,,,"41,13104241",0,0,0
23/3/2026 0:00:00,Gasto,,,Insumos,Páramo,6597,,,,Bs,,,,,,,,,,,,,,,,,,,,,,,,"14,43305781",0,0,0
23/3/2026 0:00:00,Gasto,,,Insumos,Páramo,"39875,11",,,,Bs,,,,,,,,,,,,,,,,,,,,,,,,"87,23961917",0,0,0
23/3/2026 0:00:00,Cancelar deuda,,,,,,,,,,,,,,,,,Polar,Bs,285607,,,,,,,,,,,,,,0,0,0,"624,8571079"
23/3/2026 0:00:00,Gasto,,,Honorarios,Yenifer,37000,,,,Bs,,,,,,,,,,,,,,,,,,,,,,,,"80,94939197",0,0,0
23/3/2026 0:00:00,Gasto,,,Insumos,Cuchillos,17752,,,,Bs,,,,,,,,,,,,,,,,,,,,,,,,"38,83820558",0,0,0
23/3/2026 0:00:00,Gasto,,,Insumos,Utensilios,98200,,,,Bs,,,,,,,,,,,,,,,,,,,,,,,,"214,8440619",0,0,0
23/3/2026 18:28:07,Agregar deuda,,,,,,,,,,,Pedidos Ya,,,USD,"2085,43",,,,,,,,,,,,,,,,,,"0,00","0,00","2085,43","0,00"
26/3/2026 3:16:08,Cancelar deuda,,,,,,,,,,,,,,,,,Queso Omar,Bs,46000,,,,,,,,,,,,,,0,0,0,"99,42319418"
26/3/2026 3:19:07,Gasto,,,Servicios,Arreglo cafetera,30990,,,,Bs,,,,,,,,,,,,,,,,,,,,,,,,"66,98097364",0,0,0
26/3/2026 3:22:09,Gasto,,,Carlos,Recarga,"1879,99",,,,Bs,,,,,,,,,,,,,,,,,,,,,,,,"4,063361105",0,0,0
26/3/2026 3:26:50,Cancelar deuda,,,,,,,,,,,,,,,,,Quedo Agropecuaria,Bs,68000,,,,,,,,,,,,,,0,0,0,"146,9734175"
27/3/2026 0:37:05,Gasto,,,Eduardo,General,35000,,,,Bs,,,,,,,,,,,,,,,,,,,,,,,,"75,01049075",0,0,0
27/3/2026 0:38:40,Gasto,,,Insumos,Carne,106928,,,,Bs,,,,,,,,,,,,,,,,,,,,,,,,"229,1634787",0,0,0
27/3/2026 0:42:04,Cancelar deuda,,,,,,,,,,,,,,,,,Fospuca,USD,1100,,,,,,,,,,,,,,0,0,0,1100
27/3/2026 0:44:42,Cancelar deuda,,,,,,,,,,,,,,,,,Seniat,Bs,76000,,,,,,,,,,,,,,0,0,0,"162,8799228"
27/3/2026 0:47:29,Ingreso,,,,,,,Bs,1305,,,,,,,,,,,,,,,,,,,,,,,,,0,"2,796819727",0,0
27/3/2026 0:48:17,Gasto,,,Insumos,Gastos inver en dolares,3250,,,,Bs,,,,,,,,,,,,,,,,,,,,,,,,"6,965259856",0,0,0
27/3/2026 0:49:10,Gasto,,,Sueldos,Medicaentos para el personal,3568,,,,Bs,,,,,,,,,,,,,,,,,,,,,,,,"7,646783743",0,0,0
27/3/2026 0:50:30,Gasto,,,Servicios,Arreglo cafetera,2000,,,,Bs,,,,,,,,,,,,,,,,,,,,,,,,"4,286313757",0,0,0
27/3/2026 0:51:52,Ingreso,,,,,,,Bs,49600,,,,,,,,,,,,,,,,,,,,,,,,,0,"106,3005812",0,0
27/3/2026 0:52:38,Gasto,,,Arcelia,Tdc,10000,,,,Bs,,,,,,,,,,,,,,,,,,,,,,,,"21,43156879",0,0,0
27/3/2026 0:53:15,Gasto,,,Servicios,Tornillos,1200,,,,Bs,,,,,,,,,,,,,,,,,,,,,,,,"2,571788254",0,0,0
27/3/2026 0:55:48,Gasto,,,Sueldos,,3500,,,,Bs,,,,,,,,,,,,,,,,,,,,,,,,"7,501049075",0,0,0
27/3/2026 0:58:50,Cancelar deuda,,,,,,,,,,,,,,,,,Quedo Agropecuaria,Bs,70000,,,,,,,,,,,,,,0,0,0,"150,0209815"
27/3/2026 0:59:38,Gasto,,,Insumos,Gastos invewrsion cambio dolares,65000,,,,Bs,,,,,,,,,,,,,,,,,,,,,,,,"139,3051971",0,0,0
27/3/2026 1:00:39,Gasto,,,Articulos de limpieza,Desinfectante lavaplatos,5949,,,,Bs,,,,,,,,,,,,,,,,,,,,,,,,"12,74964027",0,0,0
27/3/2026 1:01:39,Gasto,,,Insumos,Carne y pollo,90145,,,,Bs,,,,,,,,,,,,,,,,,,,,,,,,"193,1948768",0,0,0
27/3/2026 1:03:37,Gasto,,,Insumos,Hiielo,2100,,,,Bs,,,,,,,,,,,,,,,,,,,,,,,,"4,500629445",0,0,0
27/3/2026 1:04:16,Gasto,,,Insumos,Compra de papa,28000,,,,Bs,,,,,,,,,,,,,,,,,,,,,,,,"60,0083926",0,0,0
27/3/2026 1:05:54,Gasto,,,Insumos,Ajo y limones,818680,,,,Bs,,,,,,,,,,,,,,,,,,,,,,,,"1754,559673",0,0,0
27/3/2026 1:07:49,Gasto,,,Insumos,Viveres carnes,33600,,,,Bs,,,,,,,,,,,,,,,,,,,,,,,,"72,01007112",0,0,0
27/3/2026 1:08:58,Gasto,,,Insumos,Pescado,55694,,,,Bs,,,,,,,,,,,,,,,,,,,,,,,,"119,3609792",0,0,0
27/3/2026 1:09:40,Gasto,,,Transporte empleados,,3000,,,,Bs,,,,,,,,,,,,,,,,,,,,,,,,"6,429470636",0,0,0
27/3/2026 1:10:55,Gasto,,,Servicios,Pago  servicio 1maquina de  afe,18000,,,,Bs,,,,,,,,,,,,,,,,,,,,,,,,"38,57682382",0,0,0
27/3/2026 1:11:59,Gasto,,,Transporte empleados,Transorte marisela emp,2500,,,,Bs,,,,,,,,,,,,,,,,,,,,,,,,"5,357892197",0,0,0
27/3/2026 1:13:10,Gasto,,,Eduardo,Comida,20200,,,,Bs,,,,,,,,,,,,,,,,,,,,,,,,"43,29176895",0,0,0
27/3/2026 10:53:23,Gasto,,,Carlos,Gasolina,7030,,,,Bs,,,,,,,,,,,,,,,,,,,,,,,,"15,00487178",0,0,0
27/3/2026 18:53:29,Gasto,,,Insumos,Compra garbanzos,3000,,,,Bs,,,,,,,,,,,,,,,,,,,,,,,,"6,403216976",0,0,0
27/3/2026 18:57:37,Gasto,,,Insumos,Tomate areperos,"22318,09",,,,Bs,,,,,,,,,,,,,,,,,,,,,,,,"47,63585759",0,0,0
27/3/2026 19:00:41,Gasto,,,Proveedores,Champiñones,23500,,,,Bs,,,,,,,,,,,,,,,,,,,,,,,,"50,15853298",0,0,0
27/3/2026 0:58:50,Cancelar deuda,,,,,,,,,,,,,,,,,Fine Delivery,USD,"206,54",,,,,,,,,,,,,,0,0,0,"206,54"
27/3/2026 20:56:13,Gasto,,,Insumos,Condimentos,"11549,26",,,,Bs,,,,,,,,,,,,,,,,,,,,,,,,"24,6508059",0,0,0
27/3/2026 20:56:55,Gasto,,,Honorarios,Asesoria Adriana,14000,,,,Bs,,,,,,,,,,,,,,,,,,,,,,,,"29,88167922",0,0,0
27/3/2026 20:58:07,Gasto,,,Insumos,Supermercado páramo carne y quesos,"122702,58",,,,Bs,,,,,,,,,,,,,,,,,,,,,,,,"261,8970811",0,0,0
27/3/2026 21:00:34,Gasto,,,Insumos,Supermercado páramo tomate y hielo,"22319,09",,,,Bs,,,,,,,,,,,,,,,,,,,,,,,,"47,63799199",0,0,0
27/3/2026 21:02:39,Gasto,,,Insumos,Supermercado páramo carne ,"15639,88",,,,Bs,,,,,,,,,,,,,,,,,,,,,,,,"33,38184837",0,0,0
27/3/2026 21:03:43,Gasto,,,Insumos,Supermercado páramo verduras,"8758,42",,,,Bs,,,,,,,,,,,,,,,,,,,,,,,,"18,69402121",0,0,0
27/3/2026 21:04:38,Gasto,,,Insumos,Supermercado páramo ,"2939,1",,,,Bs,,,,,,,,,,,,,,,,,,,,,,,,"6,273231672",0,0,0
27/3/2026 21:05:41,Gasto,,,Insumos,Supermercado páramo quesos,"1630,41",,,,Bs,,,,,,,,,,,,,,,,,,,,,,,,"3,47995633",0,0,0
27/3/2026 21:06:48,Gasto,,,Honorarios,Barista asesoria cafe,19000,,,,Bs,,,,,,,,,,,,,,,,,,,,,,,,"40,55370752",0,0,0
27/3/2026 21:07:45,Gasto,,,Arcelia,Ahorro bolso,80000,,,,Bs,,,,,,,,,,,,,,,,,,,,,,,,"170,7524527",0,0,0
27/3/2026 21:08:37,Gasto,,,Carlos,Gasolina ,7300,,,,Bs,,,,,,,,,,,,,,,,,,,,,,,,"15,58116131",0,0,0
27/3/2026 21:10:55,Gasto,,,Insumos,Plasticos envases,21598,,,,Bs,,,,,,,,,,,,,,,,,,,,,,,,"46,09889342",0,0,0
27/3/2026 21:11:49,Gasto,,,Insumos,Papeleria bolsas,48,,,,USD,,,,,,,,,,,,,,,,,,,,,,,,48,0,0,0
27/3/2026 21:12:24,Gasto,,,Arcelia,Cashea ,"43340,7",,,,Bs,,,,,,,,,,,,,,,,,,,,,,,,"92,50663533",0,0,0
27/3/2026 21:13:52,Gasto,,,Insumos,Granos garbanzos,6,,,,USD,,,,,,,,,,,,,,,,,,,,,,,,6,0,0,0
27/3/2026 21:14:20,Gasto,,,Insumos,Verduras,10000,,,,Bs,,,,,,,,,,,,,,,,,,,,,,,,"21,34405659",0,0,0
27/3/2026 21:15:14,Gasto,,,Insumos,Vasos,"5214,51",,,,Bs,,,,,,,,,,,,,,,,,,,,,,,,"11,12987965",0,0,0
27/3/2026 21:16:03,Gasto,,,Servicios,Estacionamiento ,1900,,,,Bs,,,,,,,,,,,,,,,,,,,,,,,,"4,055370752",0,0,0
27/3/2026 21:16:38,Gasto,,,Arcelia,Cafe tomar,1500,,,,Bs,,,,,,,,,,,,,,,,,,,,,,,,"3,201608488",0,0,0
27/3/2026 21:18:11,Gasto,,,Insumos,Aceite,"24896,62",,,,Bs,,,,,,,,,,,,,,,,,,,,,,,,"53,13948661",0,0,0
27/3/2026 21:18:58,Gasto,,,Casa,Perrarina ,"18740,4",,,,Bs,,,,,,,,,,,,,,,,,,,,,,,,"39,99961581",0,0,0
27/3/2026 21:19:47,Gasto,,,Insumos,Compra huevos,6600,,,,Bs,,,,,,,,,,,,,,,,,,,,,,,,"14,08707735",0,0,0
27/3/2026 21:20:24,Gasto,,,Insumos,Pañitos,2750,,,,Bs,,,,,,,,,,,,,,,,,,,,,,,,"5,869615562",0,0,0
27/3/2026 21:21:05,Gasto,,,Sueldos,Uniformes,18800,,,,Bs,,,,,,,,,,,,,,,,,,,,,,,,"40,12682638",0,0,0
27/3/2026 21:22:01,Gasto,,,Proveedores,Abono licuadora,200,,,,USD,,,,,,,,,,,,,,,,,,,,,,,,200,0,0,0
27/3/2026 22:07:01,Gasto,,,Eduardo,Paseo a playa,45000,,,,Bs,,,,,,,,,,,,,,,,,,,,,,,,"96,04825464",0,0,0
27/3/2026 0:58:50,Cancelar deuda,,,,,,,,,,,,,,,,,Polar,USD,"0,11",,,,,,,,,,,,,,"0,00","0,00","0,00","0,11"
27/3/2026 0:58:50,Cancelar deuda,,,,,,,,,,,,,,,,,Masas para pasteles,USD,"0,85",,,,,,,,,,,,,,"0,00","0,00","0,00","0,85"
27/3/2026 0:58:50,Cancelar deuda,,,,,,,,,,,,,,,,,Queso ahumado,USD,"0,95",,,,,,,,,,,,,,"0,00","0,00","0,00","0,95"
27/3/2026 19:02:24,Agregar credito,,,,,,,,,,,,,,,,,,,,Bolsa,Bs,20000,,,,,,,,,,,0,0,0,0
28/3/2026 1:26:34,Pagomovil para cambio,,,,,,,Bs,64000,,,,,,,,,,,,,,,,,,,,,,,,,0,0,0,0
28/3/2026 1:28:16,Pagomovil para cambio,,,,,,,Bs,130000,,,,,,,,,,,,,,,,,,,,,,,,,0,0,0,0
28/3/2026 1:35:09,Pagomovil para cambio,,,,,,,Bs,9900,,,,,,,,,,,,,,,,,,,,,,,,,0,0,0,0
28/3/2026 1:35:30,Pagomovil para cambio,,,,,,,Bs,12800,,,,,,,,,,,,,,,,,,,,,,,,,0,0,0,0
28/3/2026 1:35:49,Pagomovil para cambio,,,,,,,Bs,65000,,,,,,,,,,,,,,,,,,,,,,,,,0,0,0,0
28/3/2026 1:36:56,Pagomovil para cambio,,,,,,,Bs,1750,,,,,,,,,,,,,,,,,,,,,,,,,0,0,0,0
28/3/2026 1:53:04,Agregar deuda,,,,,,,,,,,Cashea,,,USD,"216,39",,,,,,,,,,,,,,,,,,"0,00","0,00","216,39","0,00"
28/3/2026 1:53:04,Agregar deuda,,,,,,,,,,,Café chica,,,USD,"204,12",,,,,,,,,,,,,,,,,,"0,00","0,00","204,12","0,00"
28/3/2026 1:53:04,Agregar deuda,,,,,,,,,,,Cafe San Antonio,,,USD,"80,95",,,,,,,,,,,,,,,,,,"0,00","0,00","80,95","0,00"
28/3/2026 1:53:04,Agregar deuda,,,,,,,,,,,Jose Taxi,,,USD,"49,53",,,,,,,,,,,,,,,,,,"0,00","0,00","49,53","0,00"
28/3/2026 1:53:04,Agregar deuda,,,,,,,,,,,Joselo Transporte,,,USD,"620,49",,,,,,,,,,,,,,,,,,"0,00","0,00","620,49","0,00"
28/3/2026 1:53:04,Agregar deuda,,,,,,,,,,,Leche,,,USD,"324,86",,,,,,,,,,,,,,,,,,"0,00","0,00","324,86","0,00"
28/3/2026 1:53:04,Agregar deuda,,,,,,,,,,,Pulpas,,,USD,"254,05",,,,,,,,,,,,,,,,,,"0,00","0,00","254,05","0,00"
28/3/2026 1:53:04,Agregar deuda,,,,,,,,,,,Quedo Agropecuaria,,,USD,"209,58",,,,,,,,,,,,,,,,,,"0,00","0,00","209,58","0,00"
28/3/2026 1:53:04,Agregar deuda,,,,,,,,,,,Queso Omar,,,USD,"743,92",,,,,,,,,,,,,,,,,,"0,00","0,00","743,92","0,00"
28/3/2026 1:53:04,Agregar deuda,,,,,,,,,,,Seniat,,,USD,"166,96",,,,,,,,,,,,,,,,,,"0,00","0,00","166,96","0,00"
28/3/2026 1:53:04,Agregar deuda,,,,,,,,,,,Masas para pasteles,,,USD,326,,,,,,,,,,,,,,,,,,"0,00","0,00","326,00","0,00"
28/3/2026 1:53:04,Agregar deuda,,,,,,,,,,,Polar,,,USD,905,,,,,,,,,,,,,,,,,,"0,00","0,00","905,00","0,00"
28/3/2026 1:53:04,Agregar deuda,,,,,,,,,,,Queso ahumado,,,USD,10,,,,,,,,,,,,,,,,,,"0,00","0,00","10,00","0,00"
28/3/2026 1:53:04,Agregar deuda,,,,,,,,,,,Xavy,,,USD,"382,65",,,,,,,,,,,,,,,,,,"0,00","0,00","382,65","0,00"
28/3/2026 23:27:18,Gasto,,,Insumos,Mercado,"91183,94",,,,Bs,,,,,,,,,,,,,,,,,,,,,,,,"193,3090156",0,0,0
28/3/2026 23:29:40,Gasto,,,Insumos,Maquina de cafe,92000,,,,Bs,,,,,,,,,,,,,,,,,,,,,,,,"195,0390545",0,0,0
28/3/2026 23:31:20,Gasto,,,Proveedores,,10,,,,Bs,,,,,,,,,,,,,,,,,,,,,,,,"0,02119989722",0,0,0
28/3/2026 23:32:01,Gasto,,,Insumos,Vegwtales,12800,,,,Bs,,,,,,,,,,,,,,,,,,,,,,,,"27,13586845",0,0,0
28/3/2026 23:32:57,Cancelar deuda,,,,,,,,,,,,,,,,,Queso Omar,Bs,47800,,,,,,,,,,,,,,0,0,0,"101,3355087"
28/3/2026 23:33:51,Gasto,,,Servicios,Compra de air fraider,32000,,,,Bs,,,,,,,,,,,,,,,,,,,,,,,,"67,83967111",0,0,0
28/3/2026 23:34:40,Gasto,,,Proveedores,Verduras guadalupe,14000,,,,Bs,,,,,,,,,,,,,,,,,,,,,,,,"29,67985611",0,0,0
28/3/2026 23:37:54,Gasto,,,Proveedores,Dulces andino,21100,,,,Bs,,,,,,,,,,,,,,,,,,,,,,,,"44,73178314",0,0,0
28/3/2026 23:39:17,Gasto,,,Proveedores,Queso,17400,,,,Bs,,,,,,,,,,,,,,,,,,,,,,,,"36,88782117",0,0,0
28/3/2026 23:40:35,Gasto,,,Arcelia,Pago evento,64000,,,,Bs,,,,,,,,,,,,,,,,,,,,,,,,"135,6793422",0,0,0
28/3/2026 23:43:03,Gasto,,,Articulos de limpieza,Lavaplatos cloro,"5963,54",,,,Bs,,,,,,,,,,,,,,,,,,,,,,,,"12,64264351",0,0,0
28/3/2026 23:43:59,Gasto,,,Arcelia,Compra camisa,32500,,,,Bs,,,,,,,,,,,,,,,,,,,,,,,,"68,89966597",0,0,0
28/3/2026 23:44:47,Gasto,,,Sueldos,,9300,,,,Bs,,,,,,,,,,,,,,,,,,,,,,,,"19,71590442",0,0,0
28/3/2026 23:45:25,Gasto,,,Sueldos,Pago  alentina,25,,,,USD,,,,,,,,,,,,,,,,,,,,,,,,25,0,0,0
28/3/2026 23:47:15,Gasto,,,Honorarios,Musicos,27500,,,,Bs,,,,,,,,,,,,,,,,,,,,,,,,"58,29971736",0,0,0
28/3/2026 23:48:54,Gasto,,,Arcelia,Taxi arcelia,2500,,,,Bs,,,,,,,,,,,,,,,,,,,,,,,,"5,299974306",0,0,0
28/3/2026 23:49:50,Cancelar deuda,,,,,,,,,,,,,,,,,Tecnico Acero,Bs,63009,,,,,,,,,,,,,,0,0,0,"133,5784324"
28/3/2026 23:50:44,Gasto,,,Servicios,,"2264,16",,,,Bs,,,,,,,,,,,,,,,,,,,,,,,,"4,79999593",0,0,0
28/3/2026 23:51:23,Gasto,,,Insumos,Vainilla,2900,,,,Bs,,,,,,,,,,,,,,,,,,,,,,,,"6,147970195",0,0,0
28/3/2026 23:52:02,Gasto,,,Servicios,Taxi,36000,,,,Bs,,,,,,,,,,,,,,,,,,,,,,,,"76,31963",0,0,0
28/3/2026 23:52:57,Gasto,,,Servicios,Raul servicio,16500,,,,Bs,,,,,,,,,,,,,,,,,,,,,,,,"34,97983042",0,0,0
29/3/2026 22:29:18,Gasto,,,Sueldos,Sueldos ,322500,,,,Bs,,,,,,,,,,,,,,,,,,,,,,,,"683,6966854",0,0,0
29/3/2026 22:29:58,Gasto,,,Insumos,Compra hielo,2500,,,,Bs,,,,,,,,,,,,,,,,,,,,,,,,"5,299974306",0,0,0
29/3/2026 22:30:44,Gasto,,,Arcelia,Leche,5800,,,,Bs,,,,,,,,,,,,,,,,,,,,,,,,"12,29594039",0,0,0
29/3/2026 22:31:24,Gasto,,,Honorarios,Musicos,32000,,,,Bs,,,,,,,,,,,,,,,,,,,,,,,,"67,83967111",0,0,0
29/3/2026 22:32:16,Gasto,,,Arcelia,Bolso,76800,,,,Bs,,,,,,,,,,,,,,,,,,,,,,,,"162,8152107",0,0,0
29/3/2026 22:32:56,Ingreso,,,,,,,Bs,34558,,,,,,,,,,,,,,,,,,,,,,,,,0,"73,26260482",0,0
29/3/2026 22:34:02,Gasto,,,Sueldos,Zulay,20,,,,USD,,,,,,,,,,,,,,,,,,,,,,,,20,0,0,0
30/3/2026 23:56:50,Gasto,,,Insumos,Compraa en el.supermercado  varios,"137410,02",,,,Bs,,,,,,,,,,,,,,,,,,,,,,,,"291,3078301",0,0,0
30/3/2026 23:57:59,Cancelar deuda,,,,,,,,,,,,,,,,,Polar,Bs,"371089,22",,,,,,,,,,,,,,0,0,0,"786,7053325"
30/3/2026 23:59:16,Gasto,,,Honorarios,,19500,,,,Bs,,,,,,,,,,,,,,,,,,,,,,,,"41,33979958",0,0,0
31/3/2026 0:01:45,Cancelar deuda,,,,,,,,,,,,,,,,,Queso Omar,Bs,40000,,,,,,,,,,,,,,0,0,0,"84,79958889"
31/3/2026 0:04:52,Gasto,,,Eduardo,General,30000,,,,Bs,,,,,,,,,,,,,,,,,,,,,,,,"63,59969167",0,0,0
31/3/2026 23:33:45,Gasto,,,Articulos de limpieza,Jabin lavar cloro,"6014,25",,,,Bs,,,,,,,,,,,,,,,,,,,,,,,,"12,69176665",0,0,0
31/3/2026 23:34:30,Gasto,,,Arcelia,,"19020,4",,,,Bs,,,,,,,,,,,,,,,,,,,,,,,,"40,13841765",0,0,0
31/3/2026 23:35:15,Gasto,,,Insumos,,6300,,,,Bs,,,,,,,,,,,,,,,,,,,,,,,,"13,29477988",0,0,0
31/3/2026 23:36:02,Gasto,,,Honorarios,Asesoria jenny,35000,,,,Bs,,,,,,,,,,,,,,,,,,,,,,,,"73,85988821",0,0,0
31/3/2026 23:36:37,Gasto,,,Servicios,Dr angel,32000,,,,Bs,,,,,,,,,,,,,,,,,,,,,,,,"67,52904065",0,0,0
31/3/2026 23:38:22,Gasto,,,Carlos,Lavado carlos,2500,,,,Bs,,,,,,,,,,,,,,,,,,,,,,,,"5,275706301",0,0,0
31/3/2026 23:39:47,Gasto,,,Insumos,Veneno fumigar,16509,,,,Bs,,,,,,,,,,,,,,,,,,,,,,,,"34,83865413",0,0,0
31/3/2026 23:41:15,Gasto,,,Arcelia,Taxi,6000,,,,Bs,,,,,,,,,,,,,,,,,,,,,,,,"12,66169512",0,0,0
31/3/2026 23:42:18,Gasto,,,Arcelia,Cashea,19318,,,,Bs,,,,,,,,,,,,,,,,,,,,,,,,"40,76643773",0,0,0
31/3/2026 23:42:58,Gasto,,,Arcelia,Cafe,1000,,,,Bs,,,,,,,,,,,,,,,,,,,,,,,,"2,11028252",0,0,0
31/3/2026 23:44:20,Gasto,,,Arcelia,Supermercado páramo,5000,,,,Bs,,,,,,,,,,,,,,,,,,,,,,,,"10,5514126",0,0,0
31/3/2026 23:45:23,Gasto,,,Honorarios,Honoraris,22750,,,,Bs,,,,,,,,,,,,,,,,,,,,,,,,"48,00892734",0,0,0
31/3/2026 23:47:35,Gasto,,,Sueldos,Sueldos personal,130000,,,,Bs,,,,,,,,,,,,,,,,,,,,,,,,"274,3367277",0,0,0
31/3/2026 23:49:05,Gasto,,,Arcelia,Taxi,17700,,,,Bs,,,,,,,,,,,,,,,,,,,,,,,,"37,35200061",0,0,0
31/3/2026 23:50:07,Gasto,,,Arcelia,Taxi,16700,,,,Bs,,,,,,,,,,,,,,,,,,,,,,,,"35,24171809",0,0,0
31/3/2026 23:51:07,Gasto,,,Servicios,Co.pra repuesto,50000,,,,Bs,,,,,,,,,,,,,,,,,,,,,,,,"105,514126",0,0,0
31/3/2026 23:52:26,Gasto,,,Insumos,Supermercado páramo,140000,,,,Bs,,,,,,,,,,,,,,,,,,,,,,,,"295,4395529",0,0,0
31/3/2026 23:53:16,Cancelar deuda,,,,,,,,,,,,,,,,,Fine Delivery,USD,51,,,,,,,,,,,,,,0,0,0,51
31/3/2026 23:55:31,Gasto,,,Honorarios,Barista,13000,,,,Bs,,,,,,,,,,,,,,,,,,,,,,,,"27,43367277",0,0,0
31/3/2026 23:56:56,Gasto,,,Insumos,,2800,,,,Bs,,,,,,,,,,,,,,,,,,,,,,,,"5,908791057",0,0,0
3/4/2026 22:58:02,Gasto,,,Proveedores,Carne,32500,,,,Bs,,,,,,,,,,,,,,,,,,,,,,,,"68,5567517",0,0,0
3/4/2026 22:59:25,Cancelar deuda,,,,,,,,,,,,,,,,,Joselo Transporte,Bs,36000,,,,,,,,,,,,,,0,0,0,"75,9397865"
3/4/2026 23:00:02,Gasto,,,Insumos,Champ,23700,,,,Bs,,,,,,,,,,,,,,,,,,,,,,,,"49,99369278",0,0,0
3/4/2026 23:00:52,Gasto,,,Honorarios,Barista,20000,,,,Bs,,,,,,,,,,,,,,,,,,,,,,,,"42,18877028",0,0,0
3/4/2026 23:01:53,Gasto,,,Insumos,Supermercado páramo,"74960,29",,,,Bs,,,,,,,,,,,,,,,,,,,,,,,,"158,1241227",0,0,0
3/4/2026 23:03:13,Gasto,,,Insumos,Verduras,"2541,38",,,,Bs,,,,,,,,,,,,,,,,,,,,,,,,"5,36088485",0,0,0
3/4/2026 23:03:51,Gasto,,,Arcelia,Zarcillos,1410,,,,Bs,,,,,,,,,,,,,,,,,,,,,,,,"2,974308305",0,0,0
3/4/2026 23:05:32,Gasto,,,Insumos,Supermercado páramo,"18369,64",,,,Bs,,,,,,,,,,,,,,,,,,,,,,,,"38,7496261",0,0,0
3/4/2026 23:06:21,Gasto,,,Insumos,Platanos coche,19360,,,,Bs,,,,,,,,,,,,,,,,,,,,,,,,"40,83872963",0,0,0
3/4/2026 23:06:59,Gasto,,,Casa,Cafe,350,,,,Bs,,,,,,,,,,,,,,,,,,,,,,,,"0,7383034799",0,0,0
3/4/2026 23:07:38,Gasto,,,Insumos,Limones coche,14220,,,,Bs,,,,,,,,,,,,,,,,,,,,,,,,"29,99621567",0,0,0
3/4/2026 23:08:16,Gasto,,,Proveedores,Compra de verduras,32000,,,,Bs,,,,,,,,,,,,,,,,,,,,,,,,"67,50203244",0,0,0
3/4/2026 23:09:05,Gasto,,,Sueldos,Neli,30000,,,,Bs,,,,,,,,,,,,,,,,,,,,,,,,"63,28315542",0,0,0
3/4/2026 23:09:49,Gasto,,,Insumos,Cebollla,44556,,,,Bs,,,,,,,,,,,,,,,,,,,,,,,,"93,98814242",0,0,0
3/4/2026 23:10:18,Gasto,,,Insumos,Zanahoria,11875,,,,Bs,,,,,,,,,,,,,,,,,,,,,,,,"25,04958235",0,0,0
3/4/2026 23:10:58,Gasto,,,Insumos,Piña,7500,,,,Bs,,,,,,,,,,,,,,,,,,,,,,,,"15,82078885",0,0,0
3/4/2026 23:11:36,Gasto,,,Proveedores,Frutas zulita,53074,,,,Bs,,,,,,,,,,,,,,,,,,,,,,,,"111,9563397",0,0,0
3/4/2026 23:12:09,Gasto,,,Insumos,Tomate,18000,,,,Bs,,,,,,,,,,,,,,,,,,,,,,,,"37,96989325",0,0,0
3/4/2026 23:12:35,Gasto,,,Insumos,Coco,16700,,,,Bs,,,,,,,,,,,,,,,,,,,,,,,,"35,22762318",0,0,0
3/4/2026 23:13:29,Gasto,,,Insumos,Pescado cazón,32300,,,,Bs,,,,,,,,,,,,,,,,,,,,,,,,"68,134864",0,0,0
3/4/2026 23:14:23,Gasto,,,Eduardo,General,25000,,,,Bs,,,,,,,,,,,,,,,,,,,,,,,,"52,73596285",0,0,0
3/4/2026 23:15:09,Gasto,,,Honorarios,Adriana,18900,,,,Bs,,,,,,,,,,,,,,,,,,,,,,,,"39,86838791",0,0,0
3/4/2026 23:15:56,Gasto,,,Insumos,Supermercado páramo,17440,,,,Bs,,,,,,,,,,,,,,,,,,,,,,,,"36,78860768",0,0,0
3/4/2026 23:16:31,Gasto,,,Sueldos,Valentina,30000,,,,Bs,,,,,,,,,,,,,,,,,,,,,,,,"63,28315542",0,0,0
3/4/2026 23:17:07,Gasto,,,Servicios,Joselo0,9000,,,,Bs,,,,,,,,,,,,,,,,,,,,,,,,"18,98494662",0,0,0
3/4/2026 23:19:07,Gasto,,,Casa,Selladora,14278,,,,Bs,,,,,,,,,,,,,,,,,,,,,,,,"30,1185631",0,0,0
3/4/2026 23:20:24,Gasto,,,Insumos,Supermercado páramo,15820,,,,Bs,,,,,,,,,,,,,,,,,,,,,,,,"33,37131729",0,0,0
3/4/2026 23:20:54,Gasto,,,Sueldos,Sueldo gabriel,16000,,,,Bs,,,,,,,,,,,,,,,,,,,,,,,,"33,75101622",0,0,0
3/4/2026 23:21:20,Gasto,,,Eduardo,,25000,,,,Bs,,,,,,,,,,,,,,,,,,,,,,,,"52,73596285",0,0,0
3/4/2026 23:22:10,Cancelar deuda,,,,,,,,,,,,,,,,,Quedo Agropecuaria,Bs,48000,,,,,,,,,,,,,,0,0,0,"101,2530487"
3/4/2026 23:23:01,Cancelar deuda,,,,,,,,,,,,,,,,,Cashea,Bs,"49833,58",,,,,,,,,,,,,,0,0,0,"105,1208729"
3/4/2026 23:24:00,Cancelar deuda,,,,,,,,,,,,,,,,,Cashea,Bs,"50826,66",,,,,,,,,,,,,,0,0,0,"107,2157141"
3/4/2026 23:27:25,Gasto,,,Insumos,Supermercado páramo chicharrón,80920,,,,Bs,,,,,,,,,,,,,,,,,,,,,,,,"170,6957645",0,0,0
3/4/2026 23:36:58,Gasto,,,Honorarios,Adriana,12600,,,,Bs,,,,,,,,,,,,,,,,,,,,,,,,"26,57892527",0,0,0
3/4/2026 23:37:29,Cancelar deuda,,,,,,,,,,,,,,,,,Queso ahumado,Bs,48300,,,,,,,,,,,,,,0,0,0,"101,8858802"
3/4/2026 23:38:04,Gasto,,,Insumos,Supermercado páramo,2750,,,,Bs,,,,,,,,,,,,,,,,,,,,,,,,"5,800955913",0,0,0
3/4/2026 23:38:33,Gasto,,,Articulos de limpieza,,6000,,,,Bs,,,,,,,,,,,,,,,,,,,,,,,,"12,65663108",0,0,0
3/4/2026 23:39:26,Gasto,,,Sueldos,Valentina y Camilo,14500,,,,Bs,,,,,,,,,,,,,,,,,,,,,,,,"30,58685845",0,0,0
3/4/2026 23:39:59,Gasto,,,Eduardo,General,45000,,,,Bs,,,,,,,,,,,,,,,,,,,,,,,,"94,92473312",0,0,0
3/4/2026 23:40:31,Gasto,,,Sueldos,Miriam,12600,,,,Bs,,,,,,,,,,,,,,,,,,,,,,,,"26,57892527",0,0,0
3/4/2026 23:42:02,Cancelar deuda,,,,,,,,,,,,,,,,,Jose Taxi,Bs,22000,,,,,,,,,,,,,,0,0,0,"46,40764731"
3/4/2026 23:42:42,Gasto,,,Arcelia,Arcelia,18000,,,,Bs,,,,,,,,,,,,,,,,,,,,,,,,"37,96989325",0,0,0
3/4/2026 23:43:21,Gasto,,,Eduardo,General,50000,,,,Bs,,,,,,,,,,,,,,,,,,,,,,,,"105,4719257",0,0,0
8/4/2026 23:27:17,Ingreso,,,,,,,Bs,"790222,39",,,,,,,,,,,,,,,,,,,,,,,,,0,"1663,597015",0,0
8/4/2026 23:31:35,Ingreso,,,,,,,Bs,"808.567,99",,,,,,,,,,,,,,,,,,,,,,,,,0,"1702,218656",0,0
8/4/2026 23:51:11,Ingreso,,,,,,,Bs,"857.209,01",,,,,,,,,,,,,,,,,,,,,,,,,0,"1804,619014",0,0
8/4/2026 23:51:44,Ingreso,,,,,,,Bs,"938511,59",,,,,,,,,,,,,,,,,,,,,,,,,0,"1975,77935",0,0
8/4/2026 23:52:55,Gasto,,,Impuestos,Ivss y banavih,4750,,,,Bs,,,,,,,,,,,,,,,,,,,,,,,,"9,999825266",0,0,0
8/4/2026 23:53:29,Gasto,,,Eduardo,Gastos eduardo,29000,,,,Bs,,,,,,,,,,,,,,,,,,,,,,,,"61,05156478",0,0,0
8/4/2026 23:54:56,Gasto,,,Proveedores,Pago giulianno,60000,,,,Bs,,,,,,,,,,,,,,,,,,,,,,,,"126,3135823",0,0,0
8/4/2026 23:55:28,Gasto,,,Sueldos,Sueldo Nelkis,40000,,,,Bs,,,,,,,,,,,,,,,,,,,,,,,,"84,20905487",0,0,0
8/4/2026 23:55:50,Pagomovil para cambio,,,,,,,Bs,4200,,,,,,,,,,,,,,,,,,,,,,,,,0,0,0,0
8/4/2026 23:56:20,Gasto,,,Sueldos,Taxi,7800,,,,Bs,,,,,,,,,,,,,,,,,,,,,,,,"16,4207657",0,0,0
9/4/2026 0:26:36,Gasto,,,Insumos,Paramo,"390268,05",,,,Bs,,,,,,,,,,,,,,,,,,,,,,,,"821,6025909",0,0,0
9/4/2026 0:27:17,Pagomovil para cambio,,,,,,,Bs,64000,,,,,,,,,,,,,,,,,,,,,,,,,0,0,0,0
9/4/2026 0:27:57,Gasto,,,Sueldos,Anita ,55000,,,,Bs,,,,,,,,,,,,,,,,,,,,,,,,"115,7874505",0,0,0
9/4/2026 0:28:27,Gasto,,,Arcelia,Pago dulces danubio,10390,,,,Bs,,,,,,,,,,,,,,,,,,,,,,,,"21,873302",0,0,0
9/4/2026 0:29:04,Gasto,,,Honorarios,Musicos,12000,,,,Bs,,,,,,,,,,,,,,,,,,,,,,,,"25,26271646",0,0,0
9/4/2026 0:30:05,Gasto,,,Insumos,Quinta crespo mercado,"41369,26",,,,Bs,,,,,,,,,,,,,,,,,,,,,,,,"87,09165714",0,0,0
9/4/2026 0:30:32,Gasto,,,Sueldos,Taxi,1600,,,,Bs,,,,,,,,,,,,,,,,,,,,,,,,"3,368362195",0,0,0
9/4/2026 0:31:12,Gasto,,,Servicios,Raul mantenimiento  cocina,25000,,,,Bs,,,,,,,,,,,,,,,,,,,,,,,,"52,6306593",0,0,0
9/4/2026 0:45:53,Gasto,,,Arcelia,Compra cadena ropa a bengi,"16157,9",,,,Bs,,,,,,,,,,,,,,,,,,,,,,,,"34,01603719",0,0,0
9/4/2026 0:46:19,Pagomovil para cambio,,,,,,,Bs,24100,,,,,,,,,,,,,,,,,,,,,,,,,0,0,0,0
9/4/2026 0:46:54,Gasto,,,Sueldos,Seldoa,101000,,,,Bs,,,,,,,,,,,,,,,,,,,,,,,,"212,6278636",0,0,0
9/4/2026 0:47:22,Gasto,,,Honorarios,Musicos,48000,,,,Bs,,,,,,,,,,,,,,,,,,,,,,,,"101,0508658",0,0,0
9/4/2026 0:48:08,Gasto,,,Insumos,Paramo,"18447,67",,,,Bs,,,,,,,,,,,,,,,,,,,,,,,,"38,83652138",0,0,0
12/4/2026 21:49:18,Gasto,,,Sueldos,Gastos  sueldos,55000,,,,Bs,,,,,,,,,,,,,,,,,,,,,,,,"115,2680254",0,0,0
12/4/2026 21:50:37,Gasto,,,Insumos,Polar,297296,,,,Bs,,,,,,,,,,,,,,,,,,,,,,,,"623,0676887",0,0,0
12/4/2026 21:51:23,Gasto,,,Servicios,Bolso,77500,,,,Bs,,,,,,,,,,,,,,,,,,,,,,,,"162,4231267",0,0,0
12/4/2026 21:51:50,Gasto,,,Insumos,Pago ajo,5480,,,,Bs,,,,,,,,,,,,,,,,,,,,,,,,"11,48488689",0,0,0
12/4/2026 21:54:45,Gasto,,,Insumos,Varias compras 1,169033,,,,Bs,,,,,,,,,,,,,,,,,,,,,,,,"354,2563661",0,0,0
12/4/2026 21:55:48,Gasto,,,Publicidad,Adaire,55000,,,,Bs,,,,,,,,,,,,,,,,,,,,,,,,"115,2680254",0,0,0
12/4/2026 21:56:52,Gasto,,,Servicios,Acero sserv,60000,,,,Bs,,,,,,,,,,,,,,,,,,,,,,,,"125,7469368",0,0,0
12/4/2026 21:57:27,Gasto,,,Honorarios,Musico,5000,,,,Bs,,,,,,,,,,,,,,,,,,,,,,,,"10,4789114",0,0,0
12/4/2026 21:58:15,Gasto,,,Sueldos,Gabriel,40000,,,,Bs,,,,,,,,,,,,,,,,,,,,,,,,"83,8312912",0,0,0
12/4/2026 21:58:46,Gasto,,,Servicios,Raul serv,5000,,,,Bs,,,,,,,,,,,,,,,,,,,,,,,,"10,4789114",0,0,0
12/4/2026 21:59:33,Gasto,,,Arcelia,Gastos  TDC,25000,,,,Bs,,,,,,,,,,,,,,,,,,,,,,,,"52,394557",0,0,0
12/4/2026 22:00:55,Gasto,,,Arcelia,Cashea,13273,,,,Bs,,,,,,,,,,,,,,,,,,,,,,,,"27,8173182",0,0,0
12/4/2026 22:01:27,Gasto,,,Eduardo,Eduardo,10000,,,,Bs,,,,,,,,,,,,,,,,,,,,,,,,"20,9578228",0,0,0
12/4/2026 22:02:37,Gasto,,,Proveedores,Compra licuadora,100000,,,,Bs,,,,,,,,,,,,,,,,,,,,,,,,"209,578228",0,0,0
12/4/2026 22:03:16,Gasto,,,Sueldos,Pago ana y zulay en $,10000,,,,Bs,,,,,,,,,,,,,,,,,,,,,,,,"20,9578228",0,0,0
12/4/2026 22:04:05,Gasto,,,Eduardo,Universidad,940000,,,,Bs,,,,,,,,,,,,,,,,,,,,,,,,"1970,035343",0,0,0
12/4/2026 22:19:43,Gasto,,,Sueldos,Sueldos,128850,,,,Bs,,,,,,,,,,,,,,,,,,,,,,,,"270,0415468",0,0,0
12/4/2026 22:25:22,Gasto,,,Sueldos,Sueldos varios,128880,,,,Bs,,,,,,,,,,,,,,,,,,,,,,,,"270,1044203",0,0,0
12/4/2026 22:28:07,Gasto,,,Insumos,Plasticos papeleria,"138534,4",,,,Bs,,,,,,,,,,,,,,,,,,,,,,,,"290,3379407",0,0,0
12/4/2026 22:28:45,Gasto,,,Insumos,Paramo,130000,,,,Bs,,,,,,,,,,,,,,,,,,,,,,,,"272,4516964",0,0,0
12/4/2026 22:29:20,Gasto,,,Arcelia,Dulces,2400,,,,Bs,,,,,,,,,,,,,,,,,,,,,,,,"5,029877472",0,0,0
12/4/2026 22:30:40,Gasto,,,Servicios,Maquina,57894,,,,Bs,,,,,,,,,,,,,,,,,,,,,,,,"121,3332193",0,0,0
12/4/2026 22:31:17,Gasto,,,Servicios,Limpieza maquina,12200,,,,Bs,,,,,,,,,,,,,,,,,,,,,,,,"25,56854382",0,0,0
12/4/2026 22:31:54,Gasto,,,Servicios,Licuadora servicio,9400,,,,Bs,,,,,,,,,,,,,,,,,,,,,,,,"19,70035343",0,0,0
12/4/2026 22:32:31,Gasto,,,Casa,Compra casa,12000,,,,Bs,,,,,,,,,,,,,,,,,,,,,,,,"25,14938736",0,0,0
12/4/2026 22:42:04,Gasto,,,Servicios,Taxi,8000,,,,Bs,,,,,,,,,,,,,,,,,,,,,,,,"16,76625824",0,0,0
12/4/2026 22:42:45,Gasto,,,Servicios,Cantv,"7509,77",,,,Bs,,,,,,,,,,,,,,,,,,,,,,,,"15,73884289",0,0,0
12/4/2026 22:43:18,Gasto,,,Insumos,Xavi,2360,,,,Bs,,,,,,,,,,,,,,,,,,,,,,,,"4,946046181",0,0,0
12/4/2026 22:43:55,Gasto,,,Articulos de limpieza,Desinf,53205,,,,Bs,,,,,,,,,,,,,,,,,,,,,,,,"111,5060962",0,0,0
12/4/2026 22:44:25,Gasto,,,Insumos,Verduras,6832,,,,Bs,,,,,,,,,,,,,,,,,,,,,,,,"14,31838454",0,0,0
12/4/2026 22:45:06,Gasto,,,Insumos,Paramo,25000,,,,Bs,,,,,,,,,,,,,,,,,,,,,,,,"52,394557",0,0,0
12/4/2026 22:56:53,Gasto,,,Sueldos,Varios,53000,,,,Bs,,,,,,,,,,,,,,,,,,,,,,,,"111,0764608",0,0,0
12/4/2026 22:57:23,Gasto,,,Insumos,Paramo,130672,,,,Bs,,,,,,,,,,,,,,,,,,,,,,,,"273,8600621",0,0,0
12/4/2026 22:58:23,Gasto,,,Insumos,Coche,158594,,,,Bs,,,,,,,,,,,,,,,,,,,,,,,,"332,3784949",0,0,0
12/4/2026 22:58:54,Gasto,,,Insumos,Harina,3667,,,,Bs,,,,,,,,,,,,,,,,,,,,,,,,"7,685233621",0,0,0
12/4/2026 22:59:29,Gasto,,,Insumos,Pan andino,8000,,,,Bs,,,,,,,,,,,,,,,,,,,,,,,,"16,76625824",0,0,0
12/4/2026 23:01:46,Gasto,,,Arcelia,Tdc,5009,,,,Bs,,,,,,,,,,,,,,,,,,,,,,,,"10,49777344",0,0,0
12/4/2026 23:02:17,Gasto,,,Proveedores,Joselo,18000,,,,Bs,,,,,,,,,,,,,,,,,,,,,,,,"37,72408104",0,0,0
12/4/2026 23:02:50,Gasto,,,Servicios,3100,3100,,,,Bs,,,,,,,,,,,,,,,,,,,,,,,,"6,496925068",0,0,0
16/4/2026 22:02:17,Gasto,,,Insumos,Varias  ompras,153459,,,,Bs,,,,,,,,,,,,,,,,,,,,,,,,"319,8545159",0,0,0
16/4/2026 22:03:15,Gasto,,,Sueldos,Varios sueldos,26500,,,,Bs,,,,,,,,,,,,,,,,,,,,,,,,"55,23393656",0,0,0
16/4/2026 22:04:17,Gasto,,,Insumos,Paramo,43000,,,,Bs,,,,,,,,,,,,,,,,,,,,,,,,"89,6248782",0,0,0
16/4/2026 22:05:00,Gasto,,,Arcelia,Arcelia,43000,,,,Bs,,,,,,,,,,,,,,,,,,,,,,,,"89,6248782",0,0,0
16/4/2026 22:10:56,Gasto,,,Servicios,Raul,38000,,,,Bs,,,,,,,,,,,,,,,,,,,,,,,,"79,20338073",0,0,0
16/4/2026 22:12:52,Gasto,,,Servicios,Barista,12000,,,,Bs,,,,,,,,,,,,,,,,,,,,,,,,"25,01159392",0,0,0
16/4/2026 22:13:32,Gasto,,,Honorarios,Musicos,8000,,,,Bs,,,,,,,,,,,,,,,,,,,,,,,,"16,67439594",0,0,0
16/4/2026 22:14:01,Gasto,,,Proveedores,Gastos,34000,,,,Bs,,,,,,,,,,,,,,,,,,,,,,,,"70,86618276",0,0,0
16/4/2026 22:14:30,Gasto,,,Arcelia,Arcelia,40000,,,,Bs,,,,,,,,,,,,,,,,,,,,,,,,"83,37197972",0,0,0
16/4/2026 22:15:39,Gasto,,,Insumos,Paramo,58900,,,,Bs,,,,,,,,,,,,,,,,,,,,,,,,"122,7652401",0,0,0
16/4/2026 22:16:14,Gasto,,,Eduardo,Gastos eduardo,30000,,,,Bs,,,,,,,,,,,,,,,,,,,,,,,,"62,52898479",0,0,0
16/4/2026 22:17:02,Gasto,,,Eduardo,Britis council,174000,,,,Bs,,,,,,,,,,,,,,,,,,,,,,,,"362,6681118",0,0,0
16/4/2026 22:17:39,Gasto,,,Sueldos,Ronal liquidacion,32500,,,,Bs,,,,,,,,,,,,,,,,,,,,,,,,"67,73973352",0,0,0
16/4/2026 22:18:14,Gasto,,,Arcelia,Dulces,2315,,,,Bs,,,,,,,,,,,,,,,,,,,,,,,,"4,825153326",0,0,0
16/4/2026 22:20:40,Gasto,,,Insumos,Caraota,7400,,,,Bs,,,,,,,,,,,,,,,,,,,,,,,,"15,42381625",0,0,0
16/4/2026 22:29:44,Gasto,,,Honorarios,Barista,12000,,,,Bs,,,,,,,,,,,,,,,,,,,,,,,,"25,01159392",0,0,0
16/4/2026 22:30:11,Gasto,,,Proveedores,Sosa,47000,,,,Bs,,,,,,,,,,,,,,,,,,,,,,,,"97,96207617",0,0,0
16/4/2026 22:30:56,Gasto,,,Honorarios,Musicos,53000,,,,Bs,,,,,,,,,,,,,,,,,,,,,,,,"110,4678731",0,0,0
16/4/2026 22:31:28,Gasto,,,Servicios,Joselo,30000,,,,Bs,,,,,,,,,,,,,,,,,,,,,,,,"62,52898479",0,0,0
16/4/2026 22:32:14,Gasto,,,Arcelia,Bolso,81900,,,,Bs,,,,,,,,,,,,,,,,,,,,,,,,"170,7041285",0,0,0
16/4/2026 22:32:52,Gasto,,,Servicios,Taxi jose,25000,,,,Bs,,,,,,,,,,,,,,,,,,,,,,,,"52,10748732",0,0,0
16/4/2026 22:34:16,Gasto,,,Sueldos,Sueldo varios,257000,,,,Bs,,,,,,,,,,,,,,,,,,,,,,,,"535,6649697",0,0,0
16/4/2026 22:35:47,Gasto,,,Insumos,Envases,10136,,,,Bs,,,,,,,,,,,,,,,,,,,,,,,,"21,12645966",0,0,0
16/4/2026 22:36:54,Gasto,,,Proveedores,Proveedores,25000,,,,Bs,,,,,,,,,,,,,,,,,,,,,,,,"52,10748732",0,0,0
16/4/2026 22:38:40,Gasto,,,Insumos,Verduras,98000,,,,Bs,,,,,,,,,,,,,,,,,,,,,,,,"204,2613503",0,0,0
16/4/2026 22:39:24,Gasto,,,Eduardo,Esuardo gastos,21000,,,,Bs,,,,,,,,,,,,,,,,,,,,,,,,"43,77028935",0,0,0
17/4/2026 9:09:20,Gasto,,,Proveedores,Champiñon,48000,,,,Bs,,,,,,,,,,,,,,,,,,,,,,,,"99,94644536",0,0,0
17/4/2026 9:10:39,Gasto,,,Eduardo,Edusrdo,30000,,,,Bs,,,,,,,,,,,,,,,,,,,,,,,,"62,46652835",0,0,0
17/4/2026 9:11:25,Gasto,,,Insumos,Paramo,76000,,,,Bs,,,,,,,,,,,,,,,,,,,,,,,,"158,2485385",0,0,0
17/4/2026 11:09:07,Gasto,,,Insumos,Insumos,20937,,,,Bs,,,,,,,,,,,,,,,,,,,,,,,,"43,59539014",0,0,0
17/4/2026 11:09:37,Gasto,,,Sueldos,Gabriel,25000,,,,Bs,,,,,,,,,,,,,,,,,,,,,,,,"52,05544029",0,0,0
28/3/2026 23:52:57,Gasto,,,Insumos,"Protectores, lámparas y cables ",150,,,,Bs,,,,,,,,,,,,,,,,,,,,,,,,"0,3179984583",0,0,0